How often the home health team began their patients' care in a timely manner,How often patients got better at walking or moving around,How often patients got better at getting in and out of bed,How often patients got better at bathing,How often patients' breathing improved,How often patients got better at taking their drugs correctly by mouth,Quality of patient care star rating
87.1,82.7,85.7,82.1,85.5,83.4,3.0
94.0,86.7,86.3,87.1,82.4,82.3,3.0
99.6,87.4,87.2,87.2,86.5,82.1,4.0
99.6,89.5,88.9,88.9,90.0,85.6,4.0
99.9,89.3,92.7,88.9,95.6,86.9,4.5
99.4,91.0,92.4,90.4,89.5,85.2,4.0
100.0,91.5,89.4,92.4,92.1,90.1,4.5
99.6,87.2,89.2,88.0,92.3,85.7,4.5
99.9,89.9,89.4,91.8,91.7,84.6,4.0
100.0,86.4,82.5,90.1,83.6,86.8,3.5
99.8,91.6,92.5,91.9,91.2,92.4,4.5
99.9,84.8,85.9,86.2,88.5,79.8,4.0
99.7,97.9,96.0,94.0,86.9,93.4,4.5
99.7,91.4,86.7,91.7,85.3,84.7,4.0
99.4,90.3,86.2,89.0,94.6,85.2,4.0
98.0,89.6,87.4,89.8,90.3,87.4,4.0
99.6,96.4,94.9,96.9,95.4,99.0,5.0
100.0,90.2,93.3,93.0,89.9,86.2,4.0
99.4,92.0,89.8,91.9,90.1,90.3,4.5
100.0,90.8,92.5,92.3,88.8,89.1,4.5
99.1,90.6,87.6,88.8,86.9,88.1,4.0
99.4,85.9,81.4,87.2,89.1,76.5,3.5
100.0,93.4,90.5,92.1,96.5,89.7,4.5
100.0,89.6,91.8,87.9,89.8,85.0,4.5
98.6,94.5,87.4,87.8,97.5,84.3,4.0
100.0,95.4,94.5,89.9,94.6,94.4,5.0
98.1,82.4,86.1,87.6,81.5,81.5,3.0
99.1,86.3,91.7,86.5,81.4,91.0,4.0
100.0,100.0,94.5,95.7,92.3,93.5,5.0
100.0,93.2,90.8,97.1,91.5,90.0,4.5
99.3,89.2,93.8,86.9,89.0,85.4,4.0
99.9,89.8,89.5,88.4,87.5,85.5,4.0
99.7,88.2,87.7,89.1,89.6,84.8,3.5
100.0,89.8,89.9,93.2,83.5,88.8,4.5
98.9,76.2,84.6,77.1,69.0,75.5,2.5
99.7,85.6,87.8,88.9,91.0,85.8,4.0
100.0,74.2,79.8,72.8,76.6,61.9,2.5
99.8,95.2,90.2,91.7,95.8,92.4,4.5
96.0,91.1,87.8,88.1,72.2,85.5,3.5
91.1,87.6,85.3,86.5,84.5,81.3,3.5
99.9,91.9,92.1,92.1,86.3,90.1,4.5
99.6,92.5,88.3,88.4,90.4,85.0,4.0
100.0,92.5,92.1,90.4,87.8,88.2,4.5
99.8,88.3,91.3,90.2,90.7,85.6,4.0
99.5,91.0,92.4,92.6,91.6,90.3,4.5
98.8,97.0,94.3,97.8,93.5,100.0,4.5
100.0,90.8,91.4,89.4,89.0,88.3,4.5
96.7,73.5,84.0,85.5,73.2,74.5,2.5
99.3,90.5,89.2,93.9,90.6,85.6,4.5
99.7,89.7,84.8,89.0,90.6,80.6,4.0
99.8,91.7,88.6,91.5,89.3,85.0,4.0
99.7,92.6,87.4,95.3,90.9,88.5,4.5
84.9,89.5,85.8,90.2,90.4,89.0,3.5
99.9,93.6,92.7,91.7,89.6,88.4,4.5
98.3,86.9,87.6,90.2,81.3,96.0,4.0
99.6,94.8,91.1,89.9,90.1,91.6,4.5
100.0,94.4,93.3,100.0,100.0,93.3,5.0
99.9,87.8,87.3,86.4,86.9,85.2,4.0
100.0,87.7,86.4,84.3,88.5,87.1,4.0
100.0,95.6,92.8,96.7,92.2,95.9,5.0
99.9,91.6,87.9,95.2,99.9,87.3,4.5
99.9,100.0,100.0,100.0,97.1,100.0,5.0
94.3,91.5,91.7,90.3,87.4,94.5,4.0
99.3,87.8,85.7,85.3,87.4,81.8,3.5
97.3,79.1,81.4,80.8,89.5,79.9,3.0
98.9,87.3,89.8,90.7,92.8,85.3,4.0
93.9,78.0,80.9,84.2,83.9,83.1,3.0
100.0,85.1,82.4,84.2,90.6,80.6,3.5
100.0,92.4,96.0,94.2,93.1,86.6,5.0
100.0,91.3,94.7,98.1,93.1,92.9,5.0
99.8,85.5,86.5,91.5,81.3,78.1,3.5
99.0,87.5,89.1,91.0,89.9,82.6,4.0
98.5,90.6,91.3,94.6,92.8,85.9,4.5
99.7,90.8,92.6,94.0,91.8,88.4,5.0
99.7,84.2,86.0,90.7,88.3,77.5,3.5
97.4,81.9,86.9,85.6,76.2,76.9,3.0
99.4,86.3,85.9,90.3,87.7,85.0,4.0
99.6,88.4,87.9,90.7,89.3,83.4,4.0
99.9,90.2,89.2,92.8,93.8,89.0,4.5
98.4,84.1,80.2,85.8,82.2,81.8,3.0
91.7,86.4,89.7,95.7,83.7,81.5,3.5
99.7,91.4,93.0,93.6,94.3,89.1,4.5
100.0,90.3,91.9,96.7,88.9,88.8,4.5
98.9,92.7,91.2,95.7,97.2,91.3,4.5
98.7,95.5,97.4,98.4,89.7,85.5,4.5
99.3,87.7,86.0,88.7,88.7,87.0,4.0
96.2,76.9,80.3,81.3,74.3,74.1,2.5
97.2,90.1,90.5,90.7,97.9,85.4,4.0
99.6,86.2,90.0,90.5,89.1,86.4,4.0
100.0,93.2,94.1,93.7,92.6,89.1,5.0
98.0,89.0,86.0,88.6,86.0,100.0,4.0
92.0,77.7,75.0,81.7,84.4,74.0,2.5
99.6,93.3,89.1,89.7,91.1,89.7,4.5
99.2,95.6,90.4,92.1,90.3,88.8,4.5
100.0,97.3,96.8,100.0,90.7,95.4,5.0
99.2,89.6,89.9,93.7,94.1,85.8,4.5
99.6,93.6,91.4,97.0,93.0,91.2,4.5
99.5,83.8,83.3,91.2,95.6,85.9,4.0
100.0,68.7,76.4,73.0,71.6,58.8,2.5
97.7,78.6,79.8,84.5,80.2,79.4,3.0
100.0,89.8,88.9,91.0,93.3,86.1,4.5
85.7,95.6,93.1,100.0,91.2,100.0,4.5
98.2,97.0,95.2,99.2,88.1,94.8,4.5
99.4,93.0,90.8,95.4,89.7,90.1,4.5
99.8,82.3,86.4,89.1,85.6,81.7,4.0
97.1,87.7,87.5,67.3,70.5,82.84819,3.0
97.8,81.4,84.9,78.6,77.5,81.0,3.0
98.8,91.6,89.5,95.9,89.9,89.3,4.5
99.5,90.2,89.4,96.4,92.6,90.9,4.5
99.8,88.1,86.0,91.7,90.3,82.5,4.0
100.0,94.8,94.8,96.2,93.6,91.5,5.0
99.6,86.5,87.7,93.1,100.0,83.0,4.5
100.0,93.5,88.0,94.7,90.6,86.3,4.5
99.4,89.9,87.0,86.2,87.1,80.6,3.5
99.8,88.7,85.6,93.1,89.8,85.6,4.0
100.0,98.0,94.2,98.2,91.1,92.0,5.0
98.6,82.6,83.8,87.5,85.4,80.5,3.5
99.2,90.2,89.8,93.0,93.3,86.4,4.5
100.0,91.8,87.4,91.9,88.5,87.2,4.0
97.2,85.3,84.4,89.6,92.9,82.1,4.0
98.8,89.3,87.5,94.8,85.6,84.2,4.0
97.3,89.5,84.3,94.1,88.6,84.0,4.0
99.4,87.8,90.0,89.6,91.4,90.6,4.5
100.0,82.2,83.6,91.1,89.8,79.0,4.0
99.8,76.5,76.4,79.5,80.6,69.2,3.0
100.0,87.7,92.1,93.9,98.4,85.7,4.5
99.8,87.8,85.3,88.0,88.3,79.9,4.0
99.2,62.4,72.0,72.5,80.4,65.6,2.5
99.0,74.7,78.7,81.7,77.7,76.0,3.0
100.0,95.4,93.8,92.3,92.8,91.7,5.0
98.9,92.3,91.4,92.8,88.4,91.0,4.5
99.8,85.6,93.3,92.5,90.5,86.7,4.5
98.5,76.7,83.3,82.4,88.3,72.2,3.0
98.9,88.6,92.8,92.1,95.1,87.6,4.5
99.3,94.8,96.3,97.1,93.3,96.3,5.0
89.7,74.8,79.3,79.2,85.2,76.9,3.0
99.4,91.2,90.2,96.0,92.3,92.2,4.5
99.8,83.2,88.0,91.5,95.2,86.1,4.0
100.0,91.5,93.9,93.2,89.0,88.1,4.5
100.0,71.9,67.2,73.9,95.6,75.9,3.0
98.7,75.8,83.5,79.4,75.9,70.4,3.0
100.0,78.7,78.3,79.3,80.6,78.2,3.0
99.7,89.2,92.7,93.1,94.7,90.5,4.5
99.0,83.8,95.2,94.0,77.5,86.1,3.5
100.0,93.3,90.2,92.5,89.7,95.5,4.5
95.5,90.3,91.0,87.9,84.4,84.6,3.5
100.0,76.8,74.4,81.7,73.6,81.1,3.0
98.5,90.9,93.1,99.4,95.4,100.0,4.5
98.4,76.4,82.1,82.7,88.0,72.9,3.0
100.0,87.5,87.6,91.5,91.8,94.4,4.5
99.6,90.4,94.9,92.6,90.2,86.0,4.5
99.7,87.2,86.9,91.9,86.3,86.6,4.0
99.2,90.4,97.1,86.9,92.4,88.5,4.0
94.3,64.0,68.4,71.7,74.3,64.9,2.0
99.2,85.9,86.8,88.2,86.7,86.4,4.0
98.4,91.9,89.8,91.9,81.2,82.5,4.0
99.0,93.4,100.0,93.7,92.1,96.6,4.5
91.1,71.9,76.0,79.7,89.5,72.2,3.0
96.0,62.5,79.2,90.9,66.5,82.84819,2.5
95.6,85.1,86.7,88.8,92.3,83.7,3.5
99.7,95.6,91.8,94.4,88.6,94.3,4.5
91.5,64.3,69.3,71.4,70.0,63.6,2.0
97.9,86.2,100.0,95.1,99.8,92.3,4.5
98.5,94.2,91.9,95.3,88.7,89.6,4.5
86.8,78.5,77.0,83.5,78.7,77.2,2.5
99.7,78.6,78.6,84.9,80.7,81.4,3.0
99.6,82.7,84.5,85.3,83.2,75.0,3.5
100.0,79.9,100.0,91.4,95.6,69.9,4.5
95.7,87.1,95.7,94.9,92.7,100.0,4.5
91.7,87.3,85.2,89.3,89.1,85.8,3.5
99.7,82.8,92.2,91.1,90.7,92.4,4.5
98.9,89.0,85.6,88.6,90.6,89.1,4.0
97.8,70.6,86.6,82.3,100.0,80.9,3.5
96.91253,82.89881,85.32942,86.91977,86.52452,82.84819,3.0
98.3,83.9,100.0,95.5,86.2,97.9,4.5
93.7,83.8,72.3,86.7,86.6,82.6,3.0
92.8,94.4,73.2,93.8,96.8,58.9,3.5
100.0,83.4,84.9,85.0,64.0,65.6,3.5
100.0,86.6,88.2,100.0,94.0,100.0,4.5
100.0,77.6,74.6,86.1,100.0,77.8,3.5
96.7,100.0,100.0,100.0,94.4,93.6,5.0
90.9,77.8,79.0,82.6,81.5,73.3,3.0
89.2,87.3,85.9,89.4,69.5,87.9,3.5
94.6,81.5,78.1,87.6,86.4,85.9,3.0
99.1,99.7,80.8,90.3,87.5,89.0,4.0
95.3,100.0,100.0,100.0,100.0,100.0,5.0
98.5,97.8,75.6,100.0,100.0,100.0,4.5
100.0,96.7,92.5,99.1,91.6,96.9,5.0
98.2,87.6,89.9,89.7,93.4,80.0,4.0
99.4,80.8,84.0,83.6,87.1,78.9,3.5
97.5,84.5,90.1,82.3,93.4,83.4,4.0
98.1,86.2,91.1,90.6,92.9,89.2,4.0
99.3,86.5,86.4,90.1,92.8,85.8,3.5
97.0,83.7,88.9,88.4,91.9,78.7,3.5
94.4,73.1,79.8,79.3,82.4,70.6,2.5
92.3,85.7,93.6,89.2,84.7,79.7,3.5
96.7,95.6,92.7,94.1,97.0,97.9,5.0
97.7,83.1,85.9,83.7,94.2,82.2,3.5
99.8,100.0,100.0,100.0,96.6,100.0,5.0
96.6,93.0,89.2,96.5,91.0,77.3,4.5
84.2,88.4,93.4,92.6,89.5,83.5,4.0
99.7,100.0,100.0,100.0,92.0,100.0,5.0
94.0,88.4,91.1,93.7,96.8,84.7,4.0
95.3,89.6,91.4,88.2,92.7,82.7,4.0
87.1,87.4,94.6,90.3,98.4,84.3,4.0
100.0,84.2,86.6,83.3,85.8,74.7,4.0
99.8,100.0,97.5,100.0,93.7,100.0,5.0
97.5,77.5,83.7,83.5,86.1,75.4,3.0
98.7,98.0,96.9,97.7,99.4,100.0,5.0
99.0,86.7,87.8,89.7,94.8,85.2,4.0
96.3,94.2,90.0,92.1,69.3,80.2,3.5
98.8,84.1,87.5,85.8,90.8,77.4,3.5
97.5,91.0,89.8,89.9,90.7,87.7,4.0
98.7,65.8,79.6,71.8,75.8,67.3,2.5
95.8,82.6,83.9,83.6,86.4,84.4,3.5
92.5,91.5,88.9,92.4,89.0,86.4,4.0
97.9,87.9,87.1,87.8,89.6,82.9,4.0
99.0,85.0,87.9,85.5,85.4,92.3,4.0
94.1,71.0,76.3,78.6,86.6,76.4,2.5
99.7,84.4,88.0,88.6,85.1,85.2,3.5
88.5,69.7,74.2,76.3,70.2,68.5,2.0
100.0,68.2,74.3,73.4,91.9,61.9,2.5
99.8,89.2,90.1,92.6,93.0,90.1,4.5
99.6,85.5,99.1,92.1,100.0,94.7,4.5
99.5,80.9,86.8,83.0,72.3,71.1,3.0
100.0,86.9,88.3,91.9,100.0,92.2,4.5
98.3,74.0,80.9,82.7,81.2,75.5,3.0
97.7,87.4,90.6,96.0,91.0,93.5,4.0
100.0,82.4,87.8,84.0,63.9,81.0,3.5
99.4,83.9,85.7,92.3,90.4,82.6,4.0
99.9,91.8,77.8,82.8,97.4,79.4,4.0
99.8,75.2,69.2,81.0,72.5,79.1,2.5
97.1,88.1,90.8,86.8,99.2,88.6,4.0
98.0,77.0,76.5,75.3,77.9,83.2,3.0
100.0,81.3,95.3,86.4,100.0,76.1,4.0
97.3,80.3,82.3,80.7,87.7,74.6,3.0
100.0,83.5,87.0,86.9,87.8,87.1,4.0
99.7,97.8,96.5,92.8,98.4,100.0,5.0
98.7,89.9,84.1,93.8,75.5,96.4,4.0
99.3,88.9,87.5,93.6,97.0,89.7,4.5
99.5,91.8,86.2,94.3,100.0,96.0,4.5
99.7,87.6,65.7,79.9,91.0,73.0,3.5
100.0,87.4,85.3,86.2,100.0,95.8,4.5
97.6,68.8,90.8,86.2,77.9,83.4,3.0
100.0,100.0,99.3,100.0,95.4,100.0,5.0
96.7,90.5,87.8,98.4,93.6,94.1,4.5
99.4,89.5,93.4,99.6,95.2,100.0,4.5
94.9,88.1,89.2,90.9,97.9,83.4,4.0
99.9,86.1,100.0,87.3,86.2,83.7,4.0
100.0,92.4,95.0,95.4,93.5,100.0,4.5
92.0,72.5,84.7,82.9,79.1,75.5,2.5
99.4,84.3,89.4,91.2,92.9,86.8,4.0
99.7,81.2,64.4,90.2,76.1,97.7,3.0
98.3,73.2,82.2,68.7,79.9,57.8,2.5
99.3,92.3,90.9,92.7,100.0,97.2,5.0
98.3,84.9,78.8,92.0,82.2,92.1,4.0
98.5,74.4,76.7,72.8,85.7,71.8,2.5
100.0,70.9,63.9,69.0,82.3,88.9,3.0
100.0,67.0,78.4,76.0,79.6,73.3,2.5
99.9,75.6,78.1,79.0,86.0,80.1,3.0
95.0,76.9,70.7,78.9,75.0,87.9,2.5
100.0,81.2,86.5,93.9,93.4,92.2,4.0
89.6,77.0,85.6,77.3,85.0,74.5,2.5
100.0,83.6,88.3,94.5,100.0,100.0,4.5
98.1,69.8,82.3,82.7,89.3,63.1,3.0
100.0,61.3,94.6,84.8,82.4,91.7,3.5
87.5,79.4,90.1,72.1,76.5,77.5,3.0
99.3,62.4,71.6,66.0,80.0,60.8,2.5
100.0,74.8,85.6,81.9,83.9,71.4,3.5
99.5,78.9,75.2,78.4,70.9,61.5,3.0
99.1,77.1,70.5,82.2,94.4,74.2,3.0
99.3,85.3,88.6,84.4,95.4,88.6,3.5
99.2,98.9,78.7,92.4,94.0,92.4,4.5
96.9,81.5,83.0,92.5,95.9,87.7,4.0
98.4,77.0,81.1,93.4,72.5,96.5,3.5
92.1,70.3,76.8,77.1,84.9,66.2,2.5
99.0,85.5,69.9,80.6,88.7,81.7,3.5
99.1,92.2,92.6,96.3,94.9,95.2,5.0
94.9,100.0,100.0,100.0,86.52452,56.1,4.0
100.0,98.0,93.9,96.9,100.0,100.0,5.0
86.6,92.6,84.2,90.0,100.0,100.0,4.0
98.7,86.1,85.1,86.9,98.2,88.4,4.0
98.1,85.9,87.7,89.8,85.0,82.6,3.5
99.8,83.1,96.6,84.7,89.6,93.4,4.0
100.0,94.7,94.4,97.6,92.4,100.0,5.0
99.8,83.6,93.7,86.7,94.3,82.8,4.0
99.1,86.3,86.3,89.7,87.7,84.1,4.0
99.7,100.0,98.8,100.0,98.8,99.1,5.0
97.5,79.7,79.7,82.4,81.8,84.0,3.0
100.0,93.3,99.0,80.0,92.0,86.5,4.5
100.0,86.1,86.1,83.1,88.0,87.4,4.0
100.0,84.5,93.6,91.3,94.2,77.7,4.5
100.0,72.1,64.2,73.3,70.7,67.1,3.0
97.9,83.2,78.3,84.9,86.1,68.5,3.0
100.0,72.7,87.7,77.0,81.7,80.7,3.0
87.2,71.8,96.6,84.9,100.0,57.7,3.5
99.7,77.7,81.7,82.1,88.4,84.0,3.5
97.9,78.9,84.3,86.1,86.3,78.7,3.0
99.7,90.5,87.7,85.3,100.0,89.7,4.0
98.9,87.7,92.0,87.1,87.7,81.9,4.0
98.9,98.3,91.9,90.6,93.9,89.4,4.5
100.0,87.8,89.6,89.9,92.8,94.3,4.0
99.6,75.4,85.3,90.4,78.7,80.6,3.5
91.5,83.7,85.6,84.4,89.4,70.7,3.0
93.8,80.0,100.0,77.6,100.0,70.9,3.5
96.1,87.3,91.6,91.0,98.5,94.8,4.5
95.4,67.9,70.9,71.7,99.4,74.8,3.0
99.0,74.7,81.9,80.4,65.6,81.0,2.5
99.8,87.6,87.2,89.2,90.0,85.9,4.0
89.7,84.5,70.6,88.3,100.0,93.9,3.5
98.6,96.4,67.7,94.4,80.0,80.6,4.0
99.9,85.1,86.4,89.1,96.2,89.4,4.0
100.0,82.5,95.2,99.8,90.3,91.9,5.0
87.8,100.0,97.9,100.0,86.52452,100.0,4.5
100.0,88.4,88.9,90.9,88.6,85.9,4.0
100.0,89.1,93.1,100.0,90.3,77.1,4.5
100.0,90.4,92.2,96.3,83.0,100.0,4.5
100.0,100.0,100.0,100.0,100.0,98.6,5.0
94.7,83.4,82.8,83.9,76.7,73.8,2.5
99.6,87.2,85.8,80.3,95.2,88.2,4.0
100.0,84.9,85.0,81.2,75.6,78.9,3.0
100.0,89.1,65.0,97.7,100.0,94.7,4.5
98.6,81.1,86.7,89.3,88.0,76.6,3.0
100.0,93.3,87.0,87.0,88.7,93.5,4.5
100.0,100.0,100.0,98.1,96.1,100.0,5.0
89.6,86.8,85.3,93.3,85.2,81.0,3.5
98.5,82.8,66.9,79.8,78.7,62.0,2.5
97.8,93.2,72.5,93.8,98.2,82.9,4.0
99.7,81.3,86.7,86.8,79.9,85.9,3.5
95.7,87.5,90.3,93.2,91.8,88.1,4.0
100.0,82.5,79.0,83.7,89.5,96.5,4.0
99.8,86.4,87.4,85.3,87.8,81.5,3.5
99.5,73.4,71.8,79.4,88.6,74.8,3.0
96.4,65.7,78.5,72.7,82.2,81.6,2.5
100.0,85.6,86.5,88.1,79.7,82.6,3.5
89.2,68.1,84.5,75.0,82.8,74.8,2.5
97.0,54.8,80.7,87.1,89.6,62.1,2.5
100.0,74.3,70.0,77.7,83.4,88.4,3.0
100.0,100.0,100.0,100.0,100.0,100.0,5.0
100.0,87.4,87.0,91.3,91.8,86.1,4.5
92.0,86.9,86.0,90.3,93.9,86.4,3.5
97.9,90.4,100.0,94.6,89.3,88.9,4.5
100.0,83.7,85.1,85.2,89.7,88.1,3.5
97.1,95.4,74.7,90.9,94.1,91.0,4.0
99.4,93.6,100.0,89.2,96.3,93.3,4.5
94.9,89.9,100.0,90.9,96.7,71.6,4.0
85.7,80.8,77.8,86.8,88.8,100.0,3.5
93.9,83.5,87.6,86.9,90.5,83.9,3.5
97.5,86.6,88.1,88.8,92.3,84.3,4.0
98.7,100.0,100.0,100.0,97.9,100.0,5.0
98.5,75.6,78.1,81.4,82.0,70.8,3.0
89.3,78.9,83.7,85.1,97.5,76.4,3.0
100.0,100.0,87.7,90.7,92.3,83.6,4.5
100.0,80.1,94.0,84.8,100.0,78.1,4.0
99.6,84.2,86.6,89.2,86.7,91.9,4.0
88.7,84.7,75.6,92.7,95.3,85.3,3.5
98.2,83.6,81.6,88.9,90.4,83.6,3.5
98.4,71.8,83.3,84.6,95.1,71.0,3.5
96.1,85.9,87.1,86.1,91.1,84.0,3.5
100.0,87.4,87.0,85.6,100.0,90.9,4.0
97.5,78.4,75.9,80.4,78.1,72.2,2.5
100.0,88.3,86.4,100.0,100.0,92.1,5.0
99.8,84.1,100.0,100.0,76.6,94.7,4.0
95.7,78.9,84.2,83.4,91.5,80.5,3.5
98.0,78.5,83.1,81.3,83.3,83.6,3.0
93.8,88.3,99.0,100.0,100.0,87.8,4.5
99.5,73.5,66.9,96.2,77.2,81.7,3.5
96.2,90.2,90.4,93.4,94.2,87.3,4.0
99.6,88.6,88.0,94.7,94.0,85.6,4.5
100.0,85.7,87.8,95.3,79.8,93.8,4.0
98.0,84.3,88.4,85.7,87.3,78.0,3.5
99.7,89.4,90.8,87.5,92.6,89.7,4.5
99.6,84.7,93.9,93.0,77.6,91.4,4.0
100.0,75.5,84.0,81.3,85.7,80.3,3.5
100.0,90.9,95.4,94.6,84.5,83.6,4.5
90.9,75.9,82.4,78.5,88.7,70.5,3.0
99.3,89.1,100.0,100.0,95.4,100.0,5.0
99.6,86.0,87.0,90.0,87.4,86.3,4.0
89.5,61.8,79.4,74.1,90.7,67.2,2.5
100.0,100.0,88.4,85.9,95.2,89.5,4.5
100.0,71.7,74.1,74.3,82.8,75.9,3.0
99.6,74.0,73.2,84.2,86.1,71.0,3.0
97.9,70.8,73.7,73.8,87.3,69.5,2.5
100.0,92.8,100.0,92.4,100.0,100.0,5.0
96.8,91.6,85.1,95.1,100.0,100.0,4.5
100.0,82.9,89.0,92.1,92.8,82.9,4.0
88.0,79.8,75.3,78.6,79.0,75.6,2.5
100.0,87.5,84.8,89.2,84.7,98.2,4.0
95.2,79.4,70.3,88.8,94.2,69.2,3.0
99.9,75.1,86.0,77.2,85.5,73.4,3.0
92.9,89.2,88.7,91.0,96.7,84.5,4.5
100.0,100.0,71.0,96.9,91.7,86.9,4.5
100.0,86.9,90.5,94.4,93.5,87.1,4.5
90.4,79.7,93.3,91.4,96.1,82.5,3.5
93.0,84.2,79.0,95.2,94.9,88.3,4.0
99.8,95.5,89.5,95.1,100.0,93.0,4.5
97.8,100.0,90.2,95.3,100.0,96.0,5.0
96.2,91.7,90.0,90.8,100.0,89.2,4.0
100.0,85.1,100.0,91.0,100.0,100.0,4.5
99.9,96.8,86.6,97.5,100.0,93.3,5.0
99.5,87.7,90.8,90.0,90.8,89.2,4.5
100.0,83.0,87.8,95.5,95.1,94.1,4.5
99.5,94.9,91.8,100.0,97.5,70.8,4.5
98.1,78.1,81.5,85.2,76.3,77.8,3.0
99.1,89.7,100.0,100.0,100.0,95.1,4.5
99.2,91.4,82.1,89.2,88.9,66.9,3.5
88.5,74.1,71.6,92.9,91.2,92.1,3.0
88.8,72.8,81.3,77.9,85.1,69.6,2.5
95.6,73.5,86.9,75.9,82.8,76.0,3.0
100.0,85.6,99.2,94.5,93.4,91.4,5.0
97.5,80.6,82.6,86.7,84.5,81.2,3.0
91.7,97.6,93.8,93.3,100.0,81.7,4.0
100.0,87.1,100.0,92.2,97.9,74.0,4.5
100.0,86.4,100.0,100.0,72.1,89.0,4.5
100.0,92.0,69.8,95.6,94.9,73.0,4.0
99.0,99.3,89.1,90.9,93.4,89.5,4.5
99.2,100.0,82.0,95.0,95.1,98.2,4.5
97.8,93.9,90.4,92.2,97.5,57.4,4.0
99.4,100.0,79.6,94.8,85.3,88.7,4.5
97.1,91.0,90.0,94.4,93.9,90.0,4.5
100.0,89.5,91.4,90.9,100.0,89.7,4.5
99.4,71.7,81.9,93.0,94.8,72.2,3.5
97.1,79.7,82.2,89.3,81.3,78.5,3.5
99.3,94.3,91.5,95.2,97.6,61.2,4.5
99.5,89.4,85.0,91.4,98.2,86.5,4.5
90.2,73.7,79.9,81.5,82.1,76.0,2.5
97.5,86.0,87.8,89.7,93.0,86.5,4.0
97.9,96.0,100.0,100.0,100.0,100.0,5.0
98.8,91.4,75.9,89.6,95.8,95.7,4.0
97.6,100.0,100.0,100.0,95.7,75.8,4.5
94.4,88.6,100.0,91.2,100.0,96.3,4.5
97.5,87.2,92.6,98.6,96.7,94.9,4.5
98.0,75.8,83.6,78.0,84.2,70.9,3.0
87.1,81.1,93.7,87.9,95.1,88.5,4.0
95.7,77.9,83.1,83.9,83.8,79.6,3.0
87.5,86.9,88.5,89.9,88.6,82.5,3.5
97.4,86.4,83.7,78.3,83.9,63.6,2.5
98.7,85.9,91.3,96.1,93.3,90.5,4.5
99.4,90.7,88.5,91.1,83.3,81.2,4.0
98.5,72.4,93.5,67.8,78.2,64.5,3.0
100.0,100.0,100.0,96.9,94.6,93.3,5.0
99.9,92.2,84.9,91.9,94.0,93.7,4.0
98.9,83.9,91.9,87.5,85.9,82.8,4.0
99.8,85.5,86.8,84.4,83.9,76.4,3.5
99.7,88.2,97.0,81.0,87.4,81.8,4.0
99.7,91.4,94.8,92.3,95.9,88.9,5.0
100.0,87.2,87.0,89.3,94.8,90.1,4.0
99.2,90.9,86.8,90.4,95.8,82.2,4.0
91.1,63.0,69.8,70.3,80.4,70.3,2.5
99.4,72.3,82.4,81.2,77.3,79.4,3.0
98.0,63.2,70.4,74.2,96.4,63.8,2.5
98.9,73.4,82.1,83.2,86.0,69.9,2.5
100.0,81.7,82.7,82.1,76.8,72.1,3.0
91.9,87.6,88.2,93.5,94.7,83.6,4.0
96.9,88.9,86.8,90.5,100.0,88.7,4.0
99.4,89.3,92.9,95.6,87.6,96.8,4.5
97.8,63.6,68.4,73.6,83.1,71.0,2.5
100.0,93.8,93.6,87.8,91.6,97.5,4.5
98.9,84.8,86.8,88.6,92.9,74.4,3.5
100.0,92.4,85.5,92.6,100.0,87.4,4.5
99.7,85.5,90.2,90.8,87.4,88.9,4.0
87.3,84.1,88.4,85.8,91.3,79.0,3.0
92.7,97.5,100.0,100.0,90.0,100.0,4.5
88.2,79.9,71.1,95.3,97.3,95.2,4.0
100.0,91.7,82.3,89.3,93.6,92.9,4.5
88.8,82.7,90.8,87.7,92.1,83.5,3.5
100.0,100.0,100.0,100.0,90.6,100.0,5.0
97.3,75.6,82.6,81.1,78.9,72.8,2.5
99.2,100.0,84.5,95.4,96.3,93.0,4.5
100.0,90.7,88.7,89.9,100.0,92.0,4.5
100.0,90.0,97.5,94.3,95.6,78.7,4.5
100.0,72.2,76.0,79.9,78.0,85.9,3.0
88.6,74.6,78.3,85.5,81.9,82.6,3.0
99.2,74.6,69.9,87.0,68.3,72.5,2.5
97.3,89.5,100.0,91.2,78.7,74.7,4.0
99.8,81.1,81.9,86.0,86.5,85.6,3.5
100.0,87.3,90.9,93.9,97.1,95.4,5.0
98.0,99.0,94.9,99.5,91.7,91.1,4.5
88.2,91.3,72.3,95.0,97.6,59.2,3.5
95.0,79.8,79.1,80.5,80.9,59.7,2.5
86.5,74.0,75.6,75.3,74.4,62.7,1.5
98.9,90.2,81.2,100.0,84.5,68.1,4.0
98.9,88.4,92.2,100.0,73.1,92.4,4.5
99.5,61.6,86.6,84.4,69.2,62.3,3.0
93.6,80.5,87.7,84.5,86.7,67.3,3.0
94.5,81.5,75.5,81.4,87.5,75.0,3.0
90.9,90.0,96.6,86.7,82.1,90.1,4.0
95.9,87.8,63.3,92.0,98.1,66.8,3.5
94.6,73.0,79.3,89.7,79.8,78.4,3.0
99.4,87.9,91.0,90.5,90.4,88.0,4.5
99.0,86.8,64.0,81.5,92.4,87.3,3.5
99.6,88.6,92.8,91.3,90.5,92.4,4.5
100.0,63.2,70.0,85.2,76.6,73.0,3.0
100.0,89.7,100.0,93.9,99.9,83.9,5.0
98.5,90.4,70.6,96.7,90.7,94.0,4.0
96.4,86.9,89.2,82.0,92.4,85.1,3.5
92.1,83.6,82.8,89.7,68.1,86.0,3.5
92.0,100.0,100.0,100.0,95.7,85.8,4.5
96.4,67.9,77.4,78.8,82.5,74.1,2.5
100.0,93.2,89.3,77.9,96.6,92.6,4.5
90.3,89.2,92.8,90.2,91.9,93.1,4.0
99.3,88.7,79.7,100.0,81.4,96.2,4.5
95.3,87.1,64.3,91.0,100.0,66.0,3.5
100.0,78.6,70.7,80.0,95.5,83.1,4.0
94.4,93.5,85.2,100.0,91.1,81.4,4.0
97.0,100.0,100.0,72.6,100.0,74.5,4.0
99.4,87.1,88.0,83.1,89.9,84.5,3.5
91.5,88.0,74.1,96.0,89.9,70.1,3.5
94.8,88.9,85.8,92.4,99.7,100.0,4.0
100.0,89.3,90.5,91.5,93.6,95.0,4.5
100.0,100.0,100.0,100.0,100.0,88.7,5.0
98.9,83.8,76.6,92.1,83.9,88.7,3.5
100.0,93.2,85.0,93.0,91.0,73.7,4.0
92.2,100.0,85.2,100.0,81.8,100.0,4.0
93.8,75.1,71.5,93.4,65.7,84.1,3.0
93.5,83.9,82.5,87.0,86.0,83.7,3.0
96.91253,82.89881,85.32942,86.91977,86.52452,82.84819,2.5
99.4,88.1,88.3,90.1,94.4,87.2,4.0
99.3,85.7,98.9,95.5,100.0,94.4,4.5
88.7,86.1,100.0,89.5,91.9,82.4,4.0
100.0,60.2,74.9,79.0,78.5,89.8,3.5
100.0,88.7,76.8,84.5,83.6,69.6,3.5
98.2,92.3,87.9,94.3,93.4,93.7,4.0
98.5,96.6,74.5,97.2,92.4,97.4,4.5
97.1,84.8,85.3,80.5,90.0,83.6,3.5
100.0,77.2,99.8,100.0,94.1,96.9,5.0
93.4,91.0,88.4,93.1,87.2,62.7,3.0
98.3,94.2,100.0,90.3,97.7,68.6,4.0
100.0,98.1,82.0,97.6,100.0,93.0,5.0
100.0,100.0,100.0,97.9,96.3,83.6,5.0
98.3,85.3,63.4,89.1,73.0,72.4,3.0
96.9,100.0,89.8,100.0,89.9,86.2,4.0
98.8,90.7,68.7,93.8,90.2,89.0,4.0
95.0,89.0,88.1,90.0,98.3,85.0,4.0
100.0,100.0,69.7,100.0,96.8,88.7,4.5
100.0,76.0,92.3,94.0,95.8,96.6,4.5
100.0,81.4,100.0,100.0,99.0,100.0,4.5
100.0,62.0,67.1,100.0,100.0,100.0,4.0
99.3,86.7,68.1,100.0,100.0,77.7,4.0
92.9,76.6,80.0,85.7,89.0,81.6,3.0
96.7,83.9,92.5,90.3,91.7,87.2,4.0
99.2,89.9,87.1,85.3,99.5,93.6,4.0
98.6,70.2,87.4,94.7,97.5,92.8,4.0
96.3,100.0,63.1,93.5,88.2,81.2,4.0
98.6,63.5,70.0,73.4,77.9,60.2,2.0
100.0,100.0,100.0,96.8,100.0,100.0,5.0
100.0,100.0,100.0,100.0,100.0,95.7,5.0
100.0,100.0,93.8,96.1,77.3,100.0,5.0
100.0,100.0,100.0,100.0,100.0,100.0,5.0
100.0,85.8,88.0,84.9,94.9,60.5,4.0
99.1,86.5,85.5,92.2,85.9,87.3,4.0
97.8,84.9,92.2,85.6,91.4,79.3,3.5
98.2,90.7,88.7,95.7,88.8,87.5,4.0
97.2,93.7,93.4,94.0,86.4,94.9,4.5
96.9,79.5,82.6,83.0,78.9,82.0,3.0
100.0,84.4,86.0,89.7,87.9,79.0,4.0
99.7,80.8,82.8,85.5,84.3,85.2,3.5
99.2,87.3,89.3,91.6,92.9,85.4,4.0
100.0,77.6,90.6,82.2,88.0,76.0,4.0
99.9,90.3,87.1,93.9,90.6,83.8,4.5
99.8,83.2,88.6,89.2,83.8,83.7,4.0
97.6,81.9,81.0,84.5,76.2,83.7,3.0
99.9,87.3,90.0,92.6,87.2,86.5,4.0
100.0,84.9,85.7,91.6,89.5,81.8,4.0
99.8,89.3,85.8,91.0,85.4,93.0,4.5
94.5,82.6,84.0,89.7,94.6,83.7,3.5
100.0,87.5,85.4,91.4,88.8,85.1,4.5
98.4,77.1,79.9,81.9,80.7,73.2,2.5
100.0,88.0,88.5,93.2,92.1,85.0,4.5
100.0,76.4,90.9,81.4,90.2,72.4,4.0
100.0,100.0,99.5,100.0,95.6,100.0,5.0
99.0,90.4,89.6,92.9,92.0,88.5,4.0
99.7,80.6,92.9,87.0,90.9,80.5,3.5
99.7,93.4,81.5,91.8,84.6,82.4,4.0
98.9,86.9,94.1,90.9,96.9,92.4,4.5
98.5,89.4,88.2,92.1,94.5,85.7,4.0
97.1,81.3,100.0,84.6,100.0,100.0,4.0
95.7,78.4,82.7,82.5,80.7,74.5,3.0
93.4,86.6,86.6,90.3,83.0,81.8,3.5
94.1,82.3,85.6,86.1,83.6,82.7,3.0
97.0,86.5,83.5,91.7,84.3,95.3,4.0
100.0,79.5,72.0,78.2,86.52452,66.3,3.0
99.6,80.4,82.9,81.0,70.1,68.8,3.0
96.2,83.7,85.0,82.5,84.8,71.3,3.0
91.8,72.1,75.0,76.2,73.2,67.0,2.0
100.0,83.7,89.2,79.2,76.3,93.4,4.0
99.5,100.0,97.6,97.2,83.8,98.3,4.5
96.6,84.5,90.4,89.4,90.9,93.0,4.5
100.0,100.0,93.3,100.0,95.7,100.0,5.0
99.6,87.4,95.2,92.3,95.8,89.5,5.0
97.3,87.1,86.4,89.4,86.1,75.7,3.5
90.6,86.1,87.1,90.2,86.5,81.1,3.5
98.6,83.0,84.1,84.5,85.7,73.7,3.5
99.6,87.9,85.0,87.9,91.7,86.1,4.0
99.9,95.2,92.7,95.7,85.9,93.3,4.5
90.9,88.0,100.0,97.7,95.6,87.3,4.5
99.1,80.1,75.1,81.7,83.0,67.5,2.5
98.0,62.0,74.7,73.3,89.3,60.4,2.5
96.91253,82.89881,85.32942,86.91977,86.52452,82.84819,3.5
99.1,83.9,83.7,82.7,87.4,80.3,3.5
93.3,82.3,88.6,92.1,97.7,83.0,3.5
93.2,81.8,87.9,81.6,89.2,77.9,3.0
100.0,86.1,84.3,90.7,92.0,86.1,4.0
92.7,81.3,82.4,84.8,81.4,79.4,2.5
99.2,74.8,76.7,79.0,81.1,86.3,3.0
99.5,91.2,88.9,89.0,99.4,90.6,4.5
100.0,82.0,84.3,79.5,83.1,75.2,3.0
99.3,86.2,86.8,88.1,89.0,81.3,3.5
93.6,86.2,89.1,73.7,72.4,69.9,3.0
99.5,69.7,75.7,72.6,68.7,63.0,2.5
99.7,95.3,91.6,96.3,96.0,88.3,4.5
99.8,81.5,83.4,79.3,86.7,82.4,3.5
98.5,100.0,98.4,100.0,96.4,100.0,5.0
97.7,91.5,86.4,91.9,95.2,75.6,4.0
99.8,97.1,95.5,94.2,92.8,95.0,5.0
100.0,79.7,85.7,85.5,87.0,72.2,3.5
96.7,80.8,82.3,75.1,96.9,76.4,3.0
100.0,80.3,85.0,82.6,84.4,76.0,3.5
99.5,94.9,96.4,91.5,86.8,83.7,4.0
97.6,74.7,73.1,70.5,73.2,60.4,2.5
96.8,79.4,79.0,74.2,72.3,71.6,2.5
95.8,81.0,83.2,83.1,87.2,79.9,3.5
97.2,93.7,86.1,90.7,89.2,90.6,4.0
87.1,78.6,91.9,84.6,91.0,80.8,3.5
100.0,94.0,97.1,93.3,98.7,97.1,5.0
99.8,90.6,89.9,90.2,93.3,86.5,4.5
99.1,89.2,90.3,91.1,91.5,85.9,4.0
94.1,79.8,80.1,81.1,88.4,76.5,3.0
100.0,82.7,83.2,81.3,93.1,90.4,4.0
100.0,84.8,85.2,92.9,88.7,85.3,4.5
100.0,82.5,87.3,86.3,87.4,81.8,4.0
98.4,86.7,95.9,88.0,91.0,88.8,4.5
99.0,88.9,88.0,88.5,86.9,85.6,4.0
92.1,82.8,82.7,87.4,85.4,82.5,3.0
95.7,84.6,86.4,86.8,95.0,79.2,3.5
98.9,77.4,81.4,82.2,72.2,76.0,2.5
98.2,80.6,84.2,88.0,78.9,76.0,3.0
85.2,82.6,76.0,80.5,85.0,86.1,3.0
99.0,90.1,90.5,88.6,91.0,89.2,4.0
99.5,74.5,81.0,79.1,79.3,74.5,2.5
99.9,89.4,89.7,90.5,97.0,86.2,4.5
98.9,92.3,93.3,92.8,87.4,85.7,4.5
97.6,89.3,86.4,95.4,91.2,92.7,4.0
98.5,91.0,89.5,91.1,89.0,89.1,4.5
99.7,82.6,83.3,84.6,84.1,80.3,3.5
100.0,92.6,92.6,93.6,94.5,87.0,4.5
99.5,77.0,80.5,76.7,81.0,75.4,3.0
99.4,83.7,87.9,89.9,89.2,86.6,4.0
92.9,86.7,84.1,85.2,77.3,81.5,3.0
98.2,92.4,91.3,92.1,95.8,87.6,4.5
99.7,97.7,96.1,94.1,87.8,88.4,4.5
99.5,85.2,94.4,89.0,89.5,89.0,4.0
99.7,84.1,86.2,88.8,89.0,86.8,4.0
99.0,96.4,92.9,95.2,93.7,92.2,4.5
100.0,89.2,89.1,92.7,95.1,85.0,4.5
100.0,92.2,90.3,88.4,92.1,87.2,4.5
99.1,93.3,92.2,94.7,97.0,95.7,5.0
100.0,98.8,96.8,100.0,96.9,98.1,5.0
96.1,77.4,85.7,84.2,80.6,84.5,3.0
99.1,86.3,86.9,89.1,83.7,73.8,3.5
96.7,85.9,86.4,87.5,87.3,81.7,3.5
99.8,88.2,88.8,90.7,89.2,83.1,4.0
100.0,90.0,89.9,88.2,95.5,86.9,4.5
99.7,89.0,88.7,88.3,90.9,83.5,4.0
99.4,83.6,83.0,83.6,78.5,78.9,3.0
99.6,85.9,87.5,87.2,90.5,81.7,4.0
99.8,86.5,89.4,90.2,90.2,87.2,4.0
100.0,90.3,92.3,89.7,92.2,82.7,4.5
100.0,77.6,74.1,84.7,70.7,68.7,2.5
100.0,59.5,68.9,66.5,65.3,67.5,2.0
95.7,86.7,87.4,88.6,90.4,84.3,4.0
99.4,89.9,88.5,88.3,99.0,86.0,4.0
98.6,87.1,88.8,89.9,92.1,84.4,4.0
94.9,83.8,91.4,87.3,84.0,91.1,4.0
99.5,87.9,89.4,87.9,90.0,86.0,4.0
98.5,87.5,94.4,90.2,95.9,85.1,4.5
99.3,88.5,91.8,89.3,93.9,85.9,4.0
99.5,94.6,92.4,98.2,90.8,90.9,5.0
99.8,93.3,92.8,91.5,95.4,93.3,4.5
99.3,85.9,88.1,87.6,90.7,88.3,3.5
99.9,87.2,90.8,91.3,88.4,93.5,4.5
98.9,88.0,89.1,89.5,95.3,85.4,4.5
99.5,89.4,85.0,88.8,85.1,76.1,4.0
97.4,78.2,74.7,75.7,91.1,61.7,3.0
100.0,88.5,89.3,88.9,89.1,84.6,4.5
99.8,93.1,91.9,94.1,89.0,91.1,4.5
94.9,90.9,91.4,92.0,95.5,96.6,4.5
99.4,96.0,94.8,95.2,99.5,93.8,5.0
100.0,89.1,85.5,88.2,91.3,86.4,4.0
99.2,95.7,91.8,98.4,92.2,96.5,4.5
99.9,88.0,88.4,90.6,95.7,88.2,4.5
99.3,90.8,88.9,95.8,96.2,92.6,4.5
98.6,88.6,87.6,94.6,78.5,83.5,4.0
99.9,94.0,94.3,100.0,95.0,100.0,5.0
97.5,87.0,82.8,89.0,79.7,77.6,3.0
97.6,88.0,90.9,93.4,90.8,89.9,4.5
98.8,86.9,87.8,89.6,87.8,82.4,4.0
100.0,85.4,86.8,88.4,87.6,87.1,3.5
100.0,97.4,93.8,93.5,96.0,96.5,5.0
100.0,72.9,87.8,83.7,77.3,84.4,3.5
98.2,93.6,93.7,94.3,99.3,93.7,4.5
99.3,89.2,89.1,93.0,94.0,91.5,4.5
99.7,92.5,100.0,94.8,89.2,90.3,5.0
100.0,100.0,99.9,96.8,94.0,92.5,5.0
100.0,89.7,90.5,90.5,91.6,88.4,4.0
99.8,90.3,89.1,97.0,95.5,94.9,5.0
96.9,80.4,83.6,85.7,85.6,80.9,3.5
96.2,78.8,80.0,84.6,87.6,79.4,2.5
92.9,86.1,88.1,88.9,90.3,86.1,3.5
100.0,85.4,86.8,90.3,95.9,81.8,4.0
98.3,83.8,83.7,89.2,88.8,86.4,3.5
100.0,93.5,90.1,93.3,88.0,94.0,4.5
98.6,86.2,86.6,86.5,88.6,83.8,3.5
100.0,91.1,98.3,95.0,77.0,87.3,4.5
100.0,70.2,79.8,76.9,83.9,75.1,3.0
100.0,100.0,99.0,100.0,87.9,100.0,5.0
96.8,82.7,82.3,81.6,88.8,81.4,3.0
99.3,87.6,90.9,87.1,89.4,83.2,4.0
99.2,84.5,86.6,82.7,80.3,76.3,3.5
98.7,93.1,90.2,93.8,91.4,92.9,4.0
99.3,88.7,88.2,90.5,94.7,88.6,4.5
99.9,92.1,95.1,96.6,94.2,97.4,4.5
99.2,86.6,85.7,95.0,92.1,98.1,4.5
100.0,99.5,100.0,100.0,100.0,100.0,5.0
100.0,91.7,90.1,96.1,97.3,90.7,5.0
99.5,94.6,100.0,96.9,93.8,91.8,5.0
97.5,88.5,90.0,91.5,96.4,97.0,4.0
98.2,84.6,86.3,87.9,98.3,82.0,4.0
98.4,89.2,91.2,92.7,90.7,90.2,4.5
99.3,88.2,86.9,91.7,92.7,88.8,4.5
100.0,93.8,100.0,95.5,93.3,100.0,5.0
98.2,86.8,86.1,87.4,84.7,83.0,3.5
99.1,90.7,88.0,92.1,93.3,88.7,4.5
98.6,78.6,92.4,90.5,87.6,82.7,4.0
99.6,83.1,84.9,87.3,88.5,84.2,4.0
97.2,87.3,88.5,91.8,98.1,87.0,4.0
96.9,82.7,82.3,72.7,83.7,83.6,3.0
96.1,86.1,86.8,91.7,81.2,83.0,3.0
100.0,92.9,90.5,98.0,89.6,93.1,5.0
100.0,89.2,93.9,92.9,89.2,91.7,4.5
100.0,86.7,89.8,93.3,84.4,78.2,4.0
99.2,90.5,90.9,88.8,94.1,83.0,4.5
99.5,91.0,88.5,98.3,92.6,94.8,4.5
99.2,81.9,83.0,85.2,83.2,83.8,3.5
99.4,85.9,87.8,92.6,93.6,73.7,4.0
98.0,89.8,88.7,89.0,91.6,89.3,4.0
100.0,85.5,87.9,90.9,81.3,89.9,4.0
94.4,84.2,85.9,88.4,88.6,84.0,3.5
97.0,84.5,89.1,89.3,84.6,81.6,3.5
98.5,81.9,80.6,77.9,94.8,76.7,3.5
98.4,88.4,90.5,94.4,98.5,95.0,4.5
99.2,86.5,89.1,92.6,98.1,85.4,4.5
99.6,73.5,77.8,71.2,80.7,58.7,2.5
99.7,92.8,100.0,100.0,97.4,100.0,5.0
98.4,92.4,89.6,94.8,95.1,90.3,4.5
100.0,80.6,76.1,84.0,86.1,72.8,3.5
97.2,84.7,88.9,84.8,88.8,88.2,4.0
97.9,79.8,85.9,81.0,80.0,76.6,3.0
96.0,85.0,88.3,92.3,98.5,78.6,3.5
97.2,88.0,87.2,85.7,88.0,84.5,3.5
99.6,97.6,94.4,96.2,91.5,99.6,5.0
99.0,89.7,88.2,91.7,89.7,87.0,4.0
100.0,85.8,89.7,95.3,82.2,74.8,4.0
99.9,95.2,92.6,95.5,87.1,93.9,4.5
97.7,89.6,92.9,93.4,94.6,89.7,4.0
98.7,88.2,90.5,89.5,89.9,94.0,4.0
100.0,92.9,92.3,98.8,100.0,97.6,5.0
100.0,100.0,99.6,100.0,90.6,100.0,5.0
99.4,88.0,87.6,90.4,91.8,85.4,4.0
98.3,90.1,88.0,88.4,92.6,88.3,4.0
100.0,66.1,75.6,71.3,76.5,69.5,2.5
94.8,88.7,87.8,86.9,89.0,91.7,3.5
99.8,80.3,91.5,95.8,90.6,100.0,4.5
100.0,100.0,100.0,100.0,94.3,100.0,5.0
99.5,85.7,88.1,86.2,88.3,84.1,4.0
97.4,83.5,86.7,89.4,89.7,77.2,3.5
99.9,88.0,88.8,88.8,89.8,95.3,4.5
97.5,77.6,72.5,74.2,72.7,68.4,2.5
98.8,89.8,91.6,92.0,90.6,92.9,4.5
97.8,83.5,90.1,80.1,83.6,88.8,3.5
96.2,75.6,67.3,73.0,74.2,85.8,2.5
97.5,89.6,89.2,93.7,91.3,86.9,4.0
96.7,100.0,91.8,100.0,99.2,77.9,4.5
97.6,88.7,90.1,89.7,89.1,92.3,4.0
100.0,88.5,90.4,93.7,94.5,96.1,4.5
99.5,88.8,84.5,81.3,87.8,87.5,4.0
100.0,100.0,100.0,100.0,100.0,66.5,5.0
100.0,82.6,84.1,81.4,88.3,79.9,3.5
100.0,83.7,85.0,90.4,83.5,90.4,4.0
96.5,100.0,100.0,100.0,100.0,89.3,5.0
97.5,93.2,94.7,100.0,100.0,100.0,4.5
96.9,93.4,86.0,91.6,86.52452,68.5,3.5
99.7,86.8,100.0,88.3,98.8,94.1,5.0
100.0,91.0,90.5,92.6,95.9,100.0,4.5
91.2,73.5,76.8,66.6,71.9,73.4,2.5
96.5,85.9,86.1,84.8,89.2,80.9,3.5
98.3,100.0,100.0,100.0,100.0,99.9,5.0
100.0,98.9,88.2,100.0,100.0,100.0,5.0
99.7,85.9,86.9,89.0,99.5,91.6,4.5
99.4,97.9,100.0,100.0,100.0,100.0,5.0
100.0,77.7,80.0,82.2,80.9,73.6,3.0
100.0,87.0,85.3,94.8,91.1,76.6,4.0
99.3,73.2,75.9,74.6,74.5,70.8,2.5
99.8,85.1,89.9,92.7,100.0,90.4,4.5
98.9,100.0,100.0,100.0,91.7,89.1,4.5
100.0,85.1,87.7,87.6,84.5,71.9,3.5
96.8,85.6,84.9,90.2,95.2,94.0,4.0
98.3,89.5,89.1,86.1,92.1,86.4,4.0
97.8,100.0,100.0,100.0,100.0,98.9,5.0
100.0,87.5,89.5,84.2,88.8,95.4,4.0
100.0,77.4,81.6,81.4,82.7,74.4,3.0
100.0,91.1,94.9,98.2,92.8,95.7,5.0
100.0,84.4,84.2,84.1,90.1,82.5,4.0
85.8,87.8,87.8,93.6,88.5,87.0,4.0
99.7,86.1,88.5,91.4,94.5,89.0,4.0
100.0,86.6,93.1,92.6,89.2,84.6,4.5
99.1,80.0,77.7,81.7,100.0,84.8,3.5
99.7,93.0,92.1,95.4,91.1,93.0,4.5
90.4,80.1,86.0,83.4,81.5,77.3,3.0
99.1,90.2,88.8,88.9,88.4,99.7,4.0
99.6,66.8,76.7,76.8,95.9,64.9,3.0
100.0,86.5,100.0,92.1,92.9,87.5,4.5
98.4,89.0,89.5,88.6,85.9,89.4,4.0
99.1,68.0,68.7,74.3,69.5,64.1,2.0
96.4,71.3,77.6,72.2,72.1,67.8,2.0
96.9,90.1,98.3,93.4,100.0,100.0,5.0
99.7,77.8,79.2,78.7,78.9,69.2,3.0
100.0,82.7,87.3,87.1,90.5,81.6,4.0
96.6,72.3,72.0,77.6,80.5,69.6,2.5
100.0,74.7,74.2,88.3,83.6,69.8,3.0
98.8,86.5,86.3,87.7,82.8,85.3,3.5
98.4,90.7,93.5,92.3,96.4,91.3,4.5
98.5,83.8,83.5,86.1,93.1,86.5,4.0
100.0,83.5,86.0,88.7,85.4,79.5,3.5
99.7,81.7,85.4,85.2,88.9,80.7,3.5
100.0,62.3,86.2,81.5,93.6,80.8,3.5
97.4,82.0,93.0,82.0,77.5,59.9,3.0
99.7,92.1,94.5,93.0,85.0,100.0,4.5
97.5,82.6,86.9,88.9,78.8,79.4,3.5
98.0,86.6,90.2,91.2,92.3,90.9,3.5
100.0,82.7,86.9,83.9,77.8,79.4,3.5
96.5,80.1,80.7,85.4,64.5,61.4,2.5
99.4,93.3,92.1,97.0,91.8,100.0,4.5
95.3,83.4,81.7,84.4,80.5,78.6,3.0
89.8,82.9,85.1,90.1,95.4,67.9,3.5
92.3,73.4,69.4,66.7,74.2,66.7,2.0
100.0,87.5,87.1,87.9,90.8,84.5,4.0
100.0,81.9,81.4,78.5,77.6,66.3,3.0
98.9,87.0,86.6,89.6,74.1,98.0,4.0
100.0,97.9,100.0,100.0,95.5,96.9,5.0
100.0,95.1,89.0,98.3,98.4,100.0,5.0
100.0,90.1,88.6,100.0,91.5,95.1,4.5
99.4,84.5,96.0,90.8,100.0,99.2,4.5
94.3,90.1,100.0,95.0,95.1,100.0,4.0
99.8,81.5,84.3,83.7,91.8,82.1,3.5
99.6,86.7,88.7,91.3,90.4,93.8,4.0
100.0,79.7,85.4,85.3,83.5,89.1,3.5
96.7,100.0,96.5,88.7,95.3,100.0,4.5
95.0,87.0,88.6,92.9,87.6,87.0,4.0
95.0,78.3,84.3,85.8,81.7,76.4,2.5
94.4,79.8,73.8,77.9,86.52452,70.8,3.0
99.7,75.6,71.7,75.5,82.6,81.8,2.5
99.6,88.8,87.4,91.8,82.8,89.4,4.0
100.0,87.7,88.1,88.8,89.3,100.0,4.0
95.7,100.0,100.0,100.0,100.0,100.0,5.0
100.0,100.0,92.5,100.0,95.1,92.3,5.0
100.0,100.0,100.0,98.6,90.7,100.0,5.0
98.3,82.8,85.3,80.8,87.7,81.2,3.5
98.5,93.5,91.5,87.9,95.9,89.0,4.0
100.0,96.2,93.6,100.0,89.7,98.7,4.5
97.6,72.7,76.4,74.4,75.9,62.6,2.0
98.3,89.7,88.2,89.4,85.6,86.6,4.0
99.5,86.3,81.1,88.6,87.5,93.1,3.5
100.0,83.5,82.3,93.6,80.6,85.4,4.0
99.2,100.0,100.0,100.0,100.0,100.0,5.0
100.0,80.4,79.7,80.3,83.2,77.5,3.5
99.8,81.3,83.6,86.0,86.6,80.6,3.5
98.3,74.9,76.9,68.8,77.8,67.5,2.5
99.6,78.1,82.9,87.5,90.5,83.1,3.5
100.0,88.9,98.7,93.5,90.8,88.5,4.5
99.1,85.6,88.8,86.1,91.3,84.2,4.0
96.91253,82.89881,85.32942,86.91977,86.52452,82.84819,3.0
98.1,77.9,81.1,83.0,90.8,73.4,3.0
99.7,93.3,93.0,90.5,91.1,86.5,4.5
97.8,73.9,81.3,76.8,83.6,61.3,2.5
97.5,92.9,93.5,97.2,98.2,88.7,4.5
99.6,91.5,90.3,88.7,89.6,86.7,4.0
99.8,83.1,86.1,85.7,86.4,75.3,3.5
97.9,85.4,86.5,87.7,93.9,84.2,4.0
100.0,88.1,86.2,87.1,94.2,85.3,4.0
99.7,86.8,83.2,91.6,85.7,84.4,3.5
99.1,71.6,65.4,72.6,66.2,64.7,2.0
99.3,86.6,88.1,89.4,85.9,85.8,4.0
100.0,90.0,90.7,91.0,91.1,90.0,4.5
99.9,94.9,93.3,93.1,93.2,95.6,5.0
96.5,78.8,83.5,82.6,79.9,76.3,2.5
99.6,95.1,92.9,93.0,96.8,92.3,5.0
97.3,82.2,80.0,81.5,78.9,74.7,3.0
100.0,96.2,93.2,98.3,99.4,99.2,5.0
99.9,93.8,93.3,93.9,92.3,94.0,4.5
99.5,89.9,97.2,90.7,96.6,77.9,4.5
85.6,66.1,74.0,72.3,73.5,62.9,2.0
99.2,91.4,93.3,94.4,91.1,94.3,4.5
98.2,91.3,90.8,90.7,93.9,88.4,4.0
90.9,79.9,89.9,85.5,85.5,75.5,3.0
99.7,76.9,86.8,81.6,80.2,73.2,3.0
98.7,95.3,92.1,97.3,97.4,95.4,4.5
99.9,88.7,88.5,87.9,93.3,86.7,4.5
99.9,84.2,88.8,87.4,90.3,90.9,4.0
96.4,96.7,93.5,94.1,94.3,94.8,4.5
96.8,87.5,88.5,89.8,87.6,85.6,3.5
91.0,80.4,82.8,83.0,81.0,83.4,3.0
99.2,90.2,89.4,92.9,90.7,92.0,4.5
97.3,78.6,82.7,83.2,87.2,73.5,3.0
99.2,92.1,90.1,92.4,89.3,87.7,4.5
95.1,82.0,80.2,83.8,83.0,79.4,3.0
99.7,84.9,87.2,86.3,90.4,81.4,4.0
99.7,95.3,93.7,93.7,94.3,93.7,4.5
85.8,79.1,82.1,81.6,84.0,79.1,3.0
96.7,87.0,87.9,86.7,99.9,88.7,4.0
86.5,77.5,81.6,81.8,88.6,76.3,3.0
100.0,94.4,93.2,94.2,91.0,95.1,5.0
97.4,91.5,91.9,94.4,87.7,87.8,4.0
93.3,85.2,85.6,84.1,83.1,80.2,3.0
90.0,89.3,76.9,81.7,86.4,78.6,3.0
91.9,82.5,88.9,78.1,72.0,80.4,3.0
99.4,81.0,78.4,78.4,66.3,71.6,3.0
100.0,89.9,89.0,89.4,93.3,89.1,4.5
97.9,92.1,96.1,100.0,100.0,83.2,4.5
100.0,85.2,87.2,84.3,79.2,82.5,3.5
99.2,75.0,84.4,75.6,77.9,62.4,3.0
99.3,83.1,84.3,85.5,89.1,79.6,3.0
95.7,87.6,84.7,92.9,85.2,86.0,4.0
99.8,81.3,82.5,80.1,81.0,76.0,3.0
100.0,84.8,84.4,89.7,88.7,87.6,4.0
90.9,83.2,84.7,90.4,88.4,79.2,3.5
100.0,84.0,85.5,88.2,85.2,85.4,4.0
99.4,89.3,92.6,82.2,93.3,81.3,4.0
97.9,73.8,69.6,69.3,79.0,61.2,2.5
100.0,92.0,88.0,92.3,98.0,84.3,4.5
98.7,85.7,82.7,85.9,81.5,80.5,3.0
98.7,79.0,85.8,88.5,77.4,91.2,3.5
96.8,88.7,90.5,84.7,87.7,80.7,3.5
98.6,83.6,89.9,82.3,81.6,74.1,3.5
95.7,83.1,87.9,84.3,84.2,87.2,3.5
99.7,89.7,87.6,88.6,90.6,83.9,4.0
98.4,85.0,83.4,88.9,79.4,82.2,3.0
98.0,79.2,79.3,91.2,96.2,78.2,3.5
100.0,85.9,84.3,86.8,83.1,80.3,3.5
99.3,87.2,88.6,88.8,91.6,85.9,3.5
97.4,87.9,87.3,87.0,70.2,78.4,3.0
98.5,85.1,83.3,85.1,84.3,79.0,3.0
97.1,93.3,92.3,95.4,91.5,84.7,4.0
85.7,76.4,92.8,87.8,88.7,60.1,3.0
99.5,92.8,91.2,96.5,87.9,69.3,4.0
97.2,84.5,89.0,91.3,88.2,89.2,4.0
99.8,91.2,90.3,93.5,91.9,91.3,5.0
99.0,83.3,83.3,84.9,84.3,80.7,3.5
99.7,94.1,92.9,95.3,95.6,95.9,5.0
97.6,81.9,87.0,90.6,90.6,75.7,4.0
99.7,86.2,85.5,89.4,85.1,76.4,3.5
99.7,87.0,83.7,89.1,87.0,86.6,4.0
99.6,81.9,83.9,86.3,84.3,78.3,3.0
100.0,82.9,85.0,84.4,85.0,73.7,3.5
100.0,84.4,87.4,91.2,89.4,86.8,4.5
97.5,82.4,85.4,88.3,88.3,90.4,3.5
99.8,77.3,81.7,76.8,81.0,73.7,3.0
97.4,90.5,91.0,96.7,94.8,94.4,5.0
100.0,89.0,86.2,90.7,88.6,85.5,4.0
99.5,85.3,86.0,89.7,90.2,86.4,4.0
100.0,89.0,86.7,93.2,89.6,92.9,4.5
98.0,86.2,85.6,88.7,84.5,82.8,3.5
96.6,83.9,81.8,87.6,84.3,78.6,3.0
100.0,92.0,89.8,91.3,96.7,90.3,4.5
99.7,83.4,85.6,88.8,77.4,73.3,3.5
100.0,86.2,86.7,86.8,77.6,76.1,4.0
98.8,82.1,83.8,81.6,81.8,71.7,3.0
97.9,75.9,86.3,85.2,88.6,66.3,3.0
97.6,86.9,89.9,91.0,79.3,80.8,3.5
97.8,90.6,88.8,93.2,92.2,85.2,4.0
95.1,77.1,85.4,78.0,78.7,74.0,2.5
98.0,77.0,89.7,79.6,75.7,63.0,2.5
95.8,78.6,82.5,81.1,82.0,75.8,3.0
100.0,80.4,90.3,88.0,88.8,82.2,3.5
100.0,84.6,87.7,95.5,96.3,90.3,4.5
95.9,84.8,84.5,85.5,79.0,78.8,3.0
99.3,93.8,95.5,89.2,95.1,80.8,4.5
98.5,86.7,83.1,86.6,91.0,80.1,3.5
99.8,87.5,85.9,90.0,88.0,86.6,4.0
100.0,80.3,80.3,77.6,65.3,63.1,3.0
99.2,80.7,83.4,79.9,86.8,71.6,3.0
97.8,79.0,88.7,79.8,80.6,73.0,3.0
97.3,92.1,89.7,92.8,94.1,87.1,4.0
100.0,91.0,92.7,94.7,90.5,93.5,4.5
98.8,75.6,79.1,81.0,79.6,79.1,2.5
96.7,85.4,86.4,86.6,89.7,83.8,3.5
93.6,70.9,82.5,73.0,68.5,65.0,2.0
96.0,77.5,89.3,71.3,87.7,81.7,3.0
91.6,76.6,75.7,79.0,73.5,75.2,2.5
98.1,76.3,76.7,76.8,73.3,75.2,2.5
89.9,69.7,69.7,68.8,82.1,58.9,2.0
91.0,85.3,84.1,89.7,91.6,89.8,3.5
100.0,90.4,87.1,95.1,92.6,98.8,5.0
96.9,79.9,75.4,86.1,73.9,84.5,3.0
99.8,96.0,93.4,95.2,89.8,100.0,4.5
99.8,95.6,99.2,96.4,91.5,100.0,5.0
90.7,79.3,82.9,83.0,77.9,76.5,3.0
100.0,94.0,92.3,100.0,92.7,94.0,5.0
87.1,78.1,87.1,73.8,89.1,90.1,3.0
100.0,100.0,100.0,100.0,100.0,100.0,5.0
100.0,62.5,85.9,75.4,94.0,74.8,3.5
100.0,93.5,91.8,97.5,93.4,91.1,5.0
99.8,100.0,100.0,100.0,93.8,100.0,5.0
100.0,81.7,83.2,80.8,91.1,77.0,3.5
99.9,85.3,85.2,82.7,71.8,76.9,3.5
98.7,71.7,76.4,86.8,79.0,89.0,3.0
99.7,77.3,84.2,77.5,89.2,77.7,3.0
97.5,85.2,100.0,92.7,85.4,60.5,3.5
99.6,88.4,93.3,100.0,93.9,90.1,5.0
100.0,89.9,87.3,90.6,90.2,87.1,4.5
98.7,84.2,100.0,100.0,79.2,100.0,4.5
100.0,81.2,89.8,89.4,89.8,90.4,4.0
99.6,87.5,90.3,89.2,89.5,85.2,4.0
100.0,78.8,73.5,83.5,91.9,89.8,3.5
97.7,66.7,71.7,79.6,96.0,85.4,3.0
98.5,83.3,81.8,79.5,69.6,58.6,2.5
99.4,81.7,96.7,89.0,86.5,88.4,4.0
100.0,90.4,95.5,88.8,89.4,100.0,4.5
98.7,89.7,89.1,91.4,87.1,98.1,4.0
98.9,89.8,82.7,86.4,82.9,64.6,3.5
99.4,74.4,81.1,81.7,75.8,57.9,2.5
96.9,84.1,87.1,88.0,92.5,87.9,3.5
92.7,78.8,100.0,99.8,97.1,95.5,4.0
99.2,83.2,87.4,90.7,94.1,91.9,4.5
100.0,88.2,89.4,95.1,97.7,89.5,5.0
99.9,82.9,88.4,85.8,90.3,79.8,4.0
97.7,82.2,88.1,86.5,91.2,96.0,3.5
100.0,78.4,79.3,84.8,85.7,69.9,3.5
100.0,71.8,93.0,90.0,89.2,89.3,4.0
98.6,81.1,84.9,85.0,88.7,84.2,3.0
90.6,63.4,78.2,71.0,80.3,66.0,2.0
99.5,82.3,88.8,84.3,100.0,88.7,4.0
97.2,96.5,86.6,92.3,100.0,91.5,4.0
100.0,73.7,77.2,74.6,86.9,70.5,3.0
97.5,92.1,83.4,96.2,100.0,86.0,4.0
99.2,90.1,100.0,92.6,86.2,71.8,4.0
100.0,90.3,100.0,99.9,100.0,93.9,5.0
100.0,73.4,65.2,79.0,100.0,90.4,3.5
99.2,93.4,73.6,95.1,96.3,100.0,4.0
99.3,80.6,85.3,81.2,86.5,73.6,3.0
97.4,97.5,90.8,89.9,96.1,84.7,4.5
95.1,88.5,100.0,96.0,95.4,86.9,4.5
99.8,80.9,81.1,76.3,65.6,83.0,3.0
99.8,61.9,70.9,71.7,70.1,75.4,2.5
91.3,86.0,83.6,88.0,77.3,74.5,2.5
100.0,91.6,100.0,97.9,94.4,95.1,5.0
99.3,84.4,80.3,87.9,77.0,86.9,3.5
94.9,92.2,90.8,99.4,70.9,67.3,3.5
100.0,93.2,92.6,100.0,93.2,95.6,5.0
96.3,96.5,100.0,100.0,99.0,77.6,4.5
98.1,87.6,86.2,90.8,93.1,89.3,4.0
98.8,82.5,90.5,80.4,81.7,90.9,3.5
95.0,77.7,84.3,78.7,63.9,71.7,3.0
99.0,91.6,99.1,92.6,97.9,100.0,4.5
97.2,73.5,80.5,79.6,75.4,83.0,2.5
98.0,94.2,91.4,92.5,87.8,89.8,4.0
99.5,90.4,100.0,94.5,92.0,92.9,5.0
98.6,83.5,85.9,85.3,95.1,91.9,4.0
98.9,85.4,90.7,87.4,86.0,87.3,4.0
100.0,100.0,100.0,100.0,100.0,92.8,5.0
100.0,94.1,94.2,99.9,94.7,95.6,5.0
94.4,87.6,88.5,83.0,73.6,75.4,3.0
94.7,86.1,100.0,88.3,96.3,84.2,4.0
96.5,72.3,67.3,84.0,84.2,76.3,2.5
95.9,94.9,92.7,100.0,89.7,100.0,4.5
99.6,93.3,90.7,90.5,96.0,93.2,4.5
90.2,72.0,76.4,78.4,64.8,66.6,2.0
99.6,87.8,99.4,91.3,92.5,89.1,4.5
94.0,82.1,87.1,81.4,70.2,77.4,3.0
98.7,88.3,88.5,90.0,94.7,91.1,4.0
88.9,80.0,70.8,82.2,77.8,68.8,2.5
94.2,80.7,79.5,78.3,73.0,75.1,2.0
95.8,87.9,98.2,91.0,87.6,91.2,4.0
96.7,81.0,79.9,81.3,68.7,80.4,2.5
99.1,90.0,92.3,88.0,92.6,84.5,4.0
84.5,83.8,90.6,86.3,82.9,80.3,3.0
99.9,90.3,88.3,90.7,90.3,84.7,4.5
99.7,99.7,96.5,95.3,91.4,95.1,4.5
96.9,75.5,81.0,77.3,79.0,58.9,2.5
98.2,92.4,89.4,94.2,91.2,88.0,4.0
95.5,89.7,88.0,91.5,91.4,87.4,4.0
92.7,77.9,82.2,84.7,76.2,79.7,3.0
100.0,90.2,88.7,88.9,91.1,86.0,4.5
99.9,83.8,86.5,84.0,86.4,80.8,3.5
99.9,89.0,88.5,88.9,92.4,87.8,4.5
99.8,88.1,87.7,85.4,88.3,82.1,4.0
100.0,86.3,78.3,87.2,80.0,84.3,3.5
96.7,85.6,87.4,89.6,87.6,87.4,4.0
99.9,83.9,88.4,88.6,86.0,82.3,4.0
99.0,90.7,89.0,89.9,96.2,91.8,4.5
99.7,88.2,91.8,92.8,89.1,86.4,4.0
99.6,71.0,81.8,78.2,74.7,64.0,2.5
99.1,90.2,89.3,91.6,88.1,89.2,4.0
95.1,78.6,82.7,80.3,86.7,77.7,3.0
99.6,85.2,87.1,86.1,91.6,80.5,4.0
99.4,70.4,75.3,77.2,72.9,69.2,2.5
98.4,88.6,86.4,85.5,86.9,78.7,3.5
100.0,82.8,79.4,87.2,92.6,80.9,4.0
100.0,72.3,73.9,94.5,79.3,82.7,3.5
96.8,74.9,88.1,73.1,71.1,69.3,2.5
100.0,87.8,90.8,89.2,86.2,85.8,4.0
84.4,85.5,94.0,81.5,88.7,78.2,3.0
99.5,77.6,77.0,75.7,74.5,77.8,2.5
99.6,89.6,88.9,87.5,88.3,86.3,4.0
99.8,73.5,84.2,77.5,76.1,65.2,2.5
100.0,74.1,76.8,98.1,98.2,91.5,4.0
99.7,85.9,87.4,89.0,85.3,83.8,4.0
97.7,100.0,100.0,99.0,96.6,100.0,5.0
92.7,74.3,83.5,90.0,74.2,83.4,2.5
99.4,92.5,93.0,91.3,89.0,91.8,4.5
99.8,85.2,84.8,91.0,91.2,88.2,4.0
100.0,82.0,84.1,85.4,89.9,87.3,3.5
99.5,92.9,91.8,89.2,88.1,86.6,4.0
99.3,75.9,83.5,85.6,81.7,74.7,3.0
99.3,74.2,85.8,83.3,79.8,84.0,3.5
98.2,81.4,87.9,85.7,74.3,75.5,3.0
99.3,92.1,91.2,95.3,96.3,93.5,5.0
99.9,99.7,95.3,97.4,92.8,100.0,5.0
98.8,81.6,100.0,85.6,100.0,85.0,4.0
86.5,83.5,89.3,83.4,87.6,87.1,3.5
99.4,85.3,84.3,85.5,90.4,78.9,3.5
97.6,74.6,66.2,96.1,86.2,91.8,3.5
98.2,94.9,93.0,92.9,90.8,84.2,4.5
86.1,79.7,92.5,88.0,95.2,84.5,4.0
94.9,75.1,85.4,70.0,71.9,60.0,2.5
91.6,79.2,76.9,84.3,85.9,80.0,3.0
86.3,83.7,100.0,78.0,88.0,63.4,3.0
92.2,80.6,76.7,79.2,82.2,62.3,2.5
100.0,86.7,94.4,91.1,87.4,86.7,4.5
96.4,75.7,83.0,77.2,72.9,66.6,2.5
100.0,84.8,90.0,95.4,93.1,88.3,4.5
100.0,79.3,64.1,71.9,78.7,72.8,2.5
100.0,88.8,97.2,92.0,96.0,90.0,4.5
99.2,79.9,84.2,79.6,85.3,68.5,3.0
99.5,86.0,87.6,86.6,84.0,83.7,3.5
99.9,88.2,87.7,90.9,91.9,85.0,4.0
92.9,80.4,81.1,81.1,72.4,74.4,2.5
97.7,99.1,97.5,100.0,87.5,97.1,4.5
100.0,86.4,100.0,93.5,90.6,92.8,4.5
96.7,90.0,90.2,94.4,88.5,88.1,4.0
100.0,94.6,100.0,90.0,89.3,64.3,4.0
99.2,89.5,90.3,96.3,96.2,100.0,4.5
99.7,76.1,74.4,83.2,76.0,77.9,3.0
97.2,76.3,72.0,83.9,78.4,68.0,2.5
95.7,81.4,89.7,89.1,91.2,80.8,4.0
100.0,87.2,83.9,89.4,87.0,83.8,4.0
100.0,95.4,99.4,92.0,86.9,86.2,4.5
95.1,80.6,78.2,83.1,66.5,66.6,2.5
97.2,86.8,88.8,85.6,84.1,88.1,3.5
99.0,93.3,91.7,94.1,87.5,100.0,4.5
90.2,68.4,80.5,78.6,79.9,63.1,2.0
98.6,86.9,88.7,91.2,95.0,89.5,4.5
99.4,93.7,92.9,96.8,89.1,85.6,4.5
94.6,83.6,85.4,86.3,78.6,76.6,3.0
99.6,79.5,76.5,84.2,74.1,73.9,3.0
99.2,78.5,79.0,80.7,70.1,70.0,2.5
95.6,76.3,81.9,82.3,77.1,82.2,2.5
99.9,82.4,83.4,82.4,75.4,72.8,3.0
95.0,72.0,76.4,73.1,75.5,71.9,2.0
99.4,96.0,86.2,100.0,83.0,99.0,4.5
98.0,84.6,83.0,80.9,84.3,73.7,3.0
99.2,99.3,93.8,99.0,97.1,99.5,4.5
100.0,100.0,96.1,100.0,97.0,93.7,5.0
99.6,81.6,81.5,74.7,83.6,77.0,3.5
96.9,83.6,81.6,80.0,81.3,74.9,2.5
99.3,88.5,89.9,90.0,91.1,89.9,4.5
97.6,88.6,86.1,92.9,92.5,91.0,4.0
99.5,89.7,89.1,92.6,95.2,89.2,4.5
96.8,84.0,89.6,82.7,85.7,81.4,3.5
98.5,82.1,100.0,84.1,85.6,90.1,3.5
99.8,89.4,92.1,89.9,92.9,85.5,4.0
99.9,89.9,89.6,89.3,92.7,86.0,4.5
98.6,85.8,89.8,89.4,88.3,86.3,4.0
98.7,78.9,82.1,77.1,79.5,79.2,3.0
93.7,77.5,78.7,81.4,78.6,73.7,2.5
99.2,88.2,87.2,87.4,92.2,83.4,3.5
99.8,96.0,94.0,94.7,93.3,93.6,4.5
99.6,83.6,86.2,90.0,84.9,83.0,3.5
94.5,79.4,89.2,82.4,89.9,78.3,3.0
100.0,89.4,88.4,90.5,92.8,88.7,4.5
99.9,80.2,86.3,85.4,83.3,75.2,3.0
100.0,94.1,93.4,96.8,96.0,94.4,5.0
98.3,88.9,89.5,87.3,93.1,81.7,4.0
97.8,95.0,95.8,91.3,91.9,86.4,4.0
97.8,82.0,82.9,84.2,84.5,77.5,3.5
100.0,97.5,94.2,99.1,99.4,100.0,5.0
100.0,95.6,95.1,94.4,92.6,95.7,5.0
100.0,97.7,90.2,95.5,96.3,94.5,5.0
99.5,92.0,93.4,97.5,91.1,93.2,4.5
100.0,94.1,100.0,94.2,92.4,91.6,5.0
94.8,88.4,83.6,89.0,85.4,83.9,3.5
99.8,89.4,89.3,88.5,93.9,84.5,4.0
100.0,92.9,93.1,91.8,91.6,90.8,4.5
100.0,94.2,92.3,95.5,98.7,94.4,5.0
100.0,90.3,90.8,92.4,94.6,89.9,4.5
100.0,95.1,99.3,90.6,90.4,97.5,5.0
100.0,95.0,93.3,92.1,89.5,93.8,4.5
100.0,97.7,97.5,96.8,88.5,100.0,5.0
99.1,67.2,81.8,70.0,71.8,71.9,2.0
100.0,94.7,95.7,91.9,94.3,93.3,5.0
100.0,93.2,91.9,91.1,87.7,88.7,4.5
98.1,90.5,89.8,90.4,97.9,88.4,4.0
99.9,92.4,93.5,97.5,97.6,90.5,5.0
100.0,77.5,86.0,82.0,78.4,80.5,3.0
100.0,91.1,90.1,91.5,87.8,85.7,4.5
100.0,93.4,93.7,95.8,100.0,95.9,5.0
100.0,91.3,94.2,92.0,92.7,88.4,4.5
99.6,90.6,89.0,91.6,88.7,88.4,4.5
99.1,99.7,96.8,94.3,96.2,95.3,5.0
100.0,87.6,88.0,90.8,89.6,88.7,4.5
100.0,94.6,93.8,95.6,91.5,89.2,4.5
100.0,96.5,94.4,96.4,88.6,90.4,5.0
100.0,94.4,97.4,93.7,92.1,92.7,5.0
99.9,93.2,93.1,93.2,97.4,96.1,5.0
99.4,93.9,94.1,92.5,92.0,93.6,4.5
99.7,94.6,94.2,92.5,91.7,89.3,4.5
99.9,93.6,92.0,95.6,90.2,92.5,4.5
99.9,82.8,84.2,89.8,88.4,82.4,3.5
99.6,93.1,90.3,92.8,93.4,90.0,4.5
99.8,93.1,91.8,92.9,89.9,89.3,4.5
96.8,79.8,78.5,81.1,76.9,78.2,2.5
99.9,83.7,84.3,79.4,79.9,80.7,3.5
100.0,91.5,89.4,91.0,90.5,87.8,4.5
100.0,94.3,95.4,93.6,91.3,89.2,4.5
99.8,94.1,93.0,92.7,91.9,91.6,4.5
100.0,93.1,91.7,93.6,91.3,91.8,5.0
98.5,79.9,88.4,82.4,79.6,73.3,3.0
99.1,89.2,90.5,89.7,86.6,87.5,4.0
99.7,92.8,90.9,94.5,97.2,87.6,4.5
99.9,82.9,87.5,85.0,87.2,80.1,4.0
100.0,90.7,92.1,92.4,90.3,89.6,4.5
100.0,92.2,92.2,93.7,94.2,93.5,5.0
99.9,88.3,89.7,90.2,92.9,88.1,4.5
100.0,75.3,88.4,78.3,86.9,71.0,3.0
99.5,84.4,93.2,92.8,88.8,85.4,4.5
98.6,81.4,80.7,83.6,83.9,81.0,3.0
100.0,81.8,84.0,86.4,86.2,85.4,3.5
99.6,91.8,89.0,92.7,89.5,89.9,4.5
100.0,94.5,98.4,95.4,92.9,90.4,5.0
100.0,84.2,81.5,86.6,84.2,85.3,3.5
98.5,88.7,89.0,93.3,81.8,89.8,4.0
100.0,91.1,86.4,85.8,85.4,85.0,4.0
99.9,84.9,86.1,86.6,86.9,82.5,3.5
98.7,91.5,89.7,91.6,92.1,88.6,4.5
98.7,82.2,78.3,82.9,74.6,80.3,3.0
100.0,90.5,91.2,93.7,90.5,92.1,5.0
100.0,90.7,96.3,91.4,90.0,95.2,5.0
100.0,79.9,83.1,82.1,82.6,78.3,3.5
99.8,89.3,93.9,93.5,91.8,93.0,4.5
97.6,92.0,86.6,94.1,87.8,91.5,4.0
99.3,90.6,92.7,90.5,88.8,87.3,4.5
100.0,76.3,82.5,82.6,93.2,82.3,3.5
99.7,87.2,85.7,83.4,84.6,83.8,3.5
99.6,86.0,86.3,90.1,86.4,87.9,4.0
100.0,94.4,92.1,90.0,91.0,87.1,4.5
99.4,93.5,91.9,96.1,89.7,89.7,4.0
99.8,88.5,89.5,87.6,90.6,81.6,4.0
99.4,91.3,92.3,91.1,92.3,89.2,4.5
99.6,88.6,91.2,90.6,92.7,80.8,4.0
99.8,90.1,96.5,91.3,91.1,85.9,4.5
98.5,87.6,83.3,88.3,78.4,83.6,3.5
99.0,86.6,86.2,88.2,87.5,85.9,4.0
99.2,93.4,93.6,97.0,88.0,89.9,4.5
99.7,86.3,89.3,88.5,89.5,87.9,4.0
99.5,91.3,90.7,93.3,92.5,89.1,4.5
99.9,87.2,80.6,85.2,79.2,84.6,3.5
97.9,76.2,86.6,82.7,85.8,69.1,3.0
94.2,79.7,81.9,81.3,84.6,72.0,2.5
96.5,84.3,83.0,78.0,88.4,78.4,3.0
99.3,87.0,88.6,85.1,87.4,83.7,3.5
99.4,56.9,71.5,67.8,66.2,62.3,2.0
97.4,83.3,92.9,89.8,90.5,84.3,3.5
100.0,89.1,91.0,86.7,88.6,88.7,4.0
92.5,88.2,93.3,89.4,78.9,80.9,3.5
97.1,85.4,92.6,90.9,98.2,86.0,4.0
100.0,85.7,85.5,87.9,86.52452,84.2,3.5
100.0,92.6,90.3,90.7,91.2,86.8,4.5
91.5,88.2,89.1,91.3,93.2,85.0,4.0
100.0,90.5,88.4,93.1,93.6,87.4,4.5
98.6,100.0,100.0,100.0,96.5,100.0,4.5
99.9,93.0,93.5,100.0,90.3,96.6,4.5
99.8,85.6,87.4,86.5,86.5,78.3,3.5
95.6,84.1,85.6,86.6,82.7,79.4,3.0
95.7,75.7,79.7,75.0,70.4,73.6,2.5
99.5,89.5,89.3,100.0,83.7,91.3,4.5
97.6,86.1,87.1,88.2,81.0,83.2,3.5
93.8,82.5,82.6,84.4,83.6,81.0,3.0
96.4,98.7,85.1,85.7,83.0,82.0,3.5
99.5,86.3,86.1,85.5,80.6,76.3,3.0
99.1,88.1,93.0,89.4,95.6,87.6,4.5
97.1,83.9,90.7,87.7,85.7,82.9,3.5
99.0,86.9,85.9,88.6,92.9,91.4,4.0
98.5,96.3,94.2,92.6,88.8,92.8,4.5
99.6,85.6,86.1,89.1,96.6,87.6,4.0
99.2,81.4,82.0,81.4,86.3,74.2,3.5
99.6,83.1,82.1,86.0,91.8,76.3,3.5
91.0,86.0,90.7,92.0,94.2,83.7,4.0
97.3,73.3,79.8,76.3,73.5,65.2,2.5
92.5,84.3,88.0,84.8,83.4,80.9,3.5
99.7,83.1,88.5,85.5,79.2,77.9,3.5
93.5,81.9,82.6,80.7,79.4,79.4,2.5
99.3,71.9,69.6,76.4,81.0,63.6,2.5
99.1,81.0,88.2,82.5,92.2,78.5,3.5
99.1,76.7,87.8,72.9,75.7,66.9,3.0
100.0,90.2,90.3,87.7,89.4,87.6,4.5
98.1,76.0,81.1,76.2,79.9,71.3,2.5
99.9,89.5,91.2,91.8,83.1,95.0,4.5
98.5,86.2,86.3,90.1,88.9,82.2,3.5
99.6,78.6,78.8,82.5,87.8,75.0,3.5
95.6,86.7,86.1,88.8,86.6,81.1,3.5
98.9,90.0,89.3,92.3,86.9,85.7,4.0
96.1,88.6,88.3,91.9,88.8,84.3,4.0
99.8,81.2,86.3,87.3,96.8,87.4,4.0
98.7,86.8,86.1,87.2,87.6,82.0,3.5
96.7,88.0,87.1,92.8,94.4,83.6,3.5
86.3,79.7,85.4,78.9,71.0,90.5,2.5
97.6,75.9,75.1,74.9,81.7,70.3,2.5
98.3,87.8,87.5,89.7,90.9,83.4,4.0
99.8,92.6,90.7,93.6,88.9,86.2,4.5
96.6,81.5,83.1,91.2,90.9,84.3,3.5
99.3,88.2,90.8,94.6,89.9,87.0,4.0
99.8,81.2,79.1,80.3,84.5,88.9,3.5
98.8,82.2,85.1,84.4,88.5,81.7,3.5
95.7,85.3,82.6,87.2,88.1,70.6,3.0
100.0,98.1,99.4,100.0,94.3,98.0,5.0
94.6,80.1,83.0,81.1,80.4,74.5,2.5
99.6,87.1,87.7,92.3,80.5,95.6,4.0
98.8,83.8,87.0,82.7,89.3,78.1,3.5
99.7,88.7,89.2,92.3,93.9,88.5,4.5
99.3,83.2,84.7,83.5,84.7,83.9,3.5
94.1,92.7,91.1,100.0,93.7,96.8,4.5
99.6,82.4,86.1,88.2,89.8,79.2,4.0
98.9,85.9,87.0,89.4,95.0,89.0,4.0
97.4,80.2,86.4,85.7,87.2,83.0,3.0
99.6,86.0,87.7,89.9,88.6,82.2,3.5
97.9,77.5,81.7,84.6,89.3,74.7,3.0
99.8,87.0,91.9,92.3,97.0,87.8,4.5
94.1,82.1,90.0,89.0,88.8,77.2,3.5
97.7,86.4,85.7,86.2,93.0,83.0,3.5
93.6,77.5,78.8,80.8,85.6,76.9,3.0
99.9,86.2,85.1,87.0,80.4,96.7,4.0
100.0,79.5,81.5,86.7,72.1,91.0,3.5
97.4,79.7,82.4,81.5,85.5,80.2,3.0
96.8,87.7,90.4,86.2,86.3,84.0,4.0
99.8,90.5,94.5,97.2,90.4,100.0,5.0
96.6,98.7,82.1,92.4,98.5,87.2,4.0
97.8,85.4,83.4,92.9,88.7,86.7,3.5
96.5,92.0,86.2,94.3,81.4,87.9,4.0
92.0,76.4,79.6,80.8,76.5,67.8,2.0
98.6,78.1,84.3,87.1,86.8,81.0,3.0
95.7,84.7,90.4,93.2,87.3,90.8,3.5
100.0,87.4,89.3,86.4,86.9,90.5,4.0
94.4,88.4,100.0,94.2,92.7,74.7,4.0
91.4,80.4,83.7,90.1,84.8,85.0,3.0
96.6,68.4,78.2,85.5,76.4,100.0,3.0
95.6,87.1,92.5,92.7,88.2,86.0,4.0
84.4,86.5,89.0,86.7,92.8,81.2,3.5
100.0,69.3,86.9,82.7,85.1,100.0,3.5
99.0,77.1,79.3,80.1,85.8,76.4,2.5
99.4,76.3,81.5,84.7,76.0,75.0,3.0
98.1,83.1,68.1,80.2,85.2,80.7,3.5
97.3,86.3,85.6,96.7,100.0,90.5,4.0
98.9,81.7,99.0,91.0,91.6,83.8,4.0
96.4,79.6,81.7,82.8,90.9,76.2,3.0
98.2,87.5,88.3,91.7,89.6,83.7,4.0
91.3,78.7,80.3,74.9,76.7,64.0,2.5
92.1,71.7,78.5,81.3,67.0,79.7,2.5
100.0,86.7,89.3,90.7,98.2,84.1,4.5
100.0,79.0,87.9,95.1,85.2,58.1,3.5
97.7,88.1,94.5,98.3,100.0,100.0,4.5
100.0,70.3,76.5,68.2,80.2,79.8,3.0
97.4,72.6,81.6,81.2,78.2,80.1,2.5
98.7,69.4,83.3,84.0,89.0,99.3,3.5
94.5,82.2,89.2,88.4,88.4,59.9,3.0
98.5,82.9,69.3,86.8,85.4,87.1,3.5
98.0,100.0,96.9,95.0,96.8,100.0,4.5
93.6,86.4,98.3,90.1,80.0,60.8,3.0
99.8,90.1,99.5,96.2,92.8,100.0,5.0
96.5,82.0,85.5,82.1,81.6,62.0,3.0
90.0,83.3,83.6,87.7,83.9,73.2,3.0
99.6,89.9,94.7,89.4,73.1,78.0,4.0
98.7,84.1,92.3,79.4,97.1,67.0,3.5
99.5,88.8,85.6,92.2,98.0,89.9,4.5
99.5,83.3,87.9,92.9,95.0,88.9,4.0
98.8,69.6,76.0,79.9,83.9,69.1,2.5
95.2,100.0,89.9,100.0,87.7,97.1,4.5
100.0,87.7,89.0,97.2,100.0,90.7,4.5
100.0,95.8,92.0,100.0,100.0,97.0,5.0
98.1,65.9,82.4,79.4,79.7,75.8,2.5
88.7,81.3,81.1,80.5,86.5,78.3,2.5
95.6,80.2,88.5,94.6,70.4,89.9,3.5
88.0,87.8,96.5,88.0,96.2,85.4,4.0
100.0,81.9,85.8,88.4,87.3,74.2,3.5
99.3,74.7,75.3,79.8,84.4,67.8,2.5
88.6,76.3,95.9,90.7,100.0,74.8,4.0
97.0,75.1,80.5,100.0,93.1,69.3,3.5
98.9,80.7,87.9,83.8,92.4,77.2,3.5
100.0,84.6,88.4,86.4,81.9,77.5,3.5
98.2,81.7,94.3,87.4,78.6,85.8,3.5
89.9,77.2,87.9,86.6,91.9,79.9,3.0
97.4,89.6,82.5,85.9,89.9,84.8,3.5
100.0,70.3,96.3,79.2,91.6,81.1,4.0
100.0,85.5,87.8,92.1,87.6,90.8,4.0
100.0,89.5,85.4,95.4,89.1,100.0,4.5
96.8,97.2,85.7,95.3,83.7,80.2,3.5
98.9,85.7,85.8,89.6,86.0,81.9,3.5
84.7,91.6,87.9,86.5,89.2,83.4,3.5
99.4,78.6,85.0,79.2,77.0,73.4,3.0
99.7,89.0,91.6,96.0,89.0,88.0,4.5
100.0,87.7,87.6,94.7,92.5,92.9,5.0
99.5,88.3,84.5,88.1,79.8,80.2,3.5
95.0,75.8,94.7,73.9,76.3,64.5,3.0
84.4,66.4,70.5,66.9,86.52452,92.0,2.5
89.4,80.7,82.2,85.0,83.0,77.1,3.0
92.9,90.9,89.0,88.9,83.2,73.5,3.5
96.9,83.2,86.6,85.2,80.9,77.5,3.0
93.5,78.7,81.4,85.6,86.5,72.9,3.0
97.7,79.7,81.8,80.9,84.7,75.6,3.0
97.3,78.1,82.8,76.3,71.4,72.2,3.0
98.7,88.8,84.2,90.6,82.5,84.0,4.0
99.3,85.2,82.0,91.4,82.6,80.8,3.5
99.2,88.5,86.6,90.3,85.5,82.3,3.5
100.0,80.0,77.8,67.7,80.7,69.2,2.5
99.7,87.4,83.5,84.1,88.8,86.5,4.0
94.4,86.7,85.0,91.5,90.0,96.5,4.0
99.6,86.5,85.4,87.0,86.3,80.5,4.0
99.8,100.0,98.1,100.0,90.8,100.0,4.5
93.9,73.2,82.9,70.5,70.1,67.0,2.0
100.0,84.6,86.8,84.8,83.5,82.4,4.0
95.6,75.2,85.2,73.6,71.7,67.3,2.5
97.9,85.2,80.3,81.6,89.1,77.4,3.0
95.2,84.3,78.1,83.2,79.4,68.6,2.5
96.8,73.9,86.5,70.3,68.6,66.7,2.5
99.6,86.2,83.1,85.6,86.5,71.2,3.5
99.2,82.0,89.7,89.1,92.6,82.5,3.5
99.0,75.5,82.2,82.7,70.2,74.1,3.0
85.2,69.7,75.3,76.0,70.2,65.5,2.0
99.5,87.4,82.9,88.6,84.1,80.9,3.5
100.0,79.7,84.1,82.8,81.2,70.6,3.5
96.0,84.0,85.8,86.6,88.8,79.6,3.5
91.6,80.8,82.0,84.1,83.5,74.0,3.0
97.0,79.8,82.8,77.7,81.8,73.7,2.5
99.5,86.8,88.0,84.9,76.7,80.2,3.0
99.2,83.7,85.8,84.8,86.2,81.5,3.5
98.5,80.5,85.5,79.4,80.7,76.6,3.0
99.9,91.8,91.4,93.2,91.0,91.8,4.5
99.7,90.0,90.6,91.0,94.9,85.1,4.5
99.6,79.5,92.4,78.4,86.3,76.3,3.5
91.1,79.7,83.1,83.3,82.7,78.2,3.0
98.3,79.8,84.7,80.6,81.7,73.8,3.0
97.7,77.5,79.6,78.6,74.5,71.2,2.5
99.3,83.9,83.7,87.2,74.8,78.1,3.0
99.9,86.4,84.9,87.4,88.3,82.4,4.0
99.2,85.6,90.7,84.2,83.6,80.9,3.5
99.3,83.1,88.3,87.1,82.4,77.6,3.5
100.0,95.1,94.0,94.9,89.7,97.7,5.0
98.6,75.8,81.4,80.8,79.0,74.3,3.0
99.9,89.2,89.5,91.1,90.6,85.5,4.0
98.7,82.1,78.1,79.5,73.3,63.3,2.5
99.4,92.0,92.1,96.3,94.2,87.5,4.5
99.3,74.9,89.4,75.5,89.8,67.1,3.0
100.0,60.1,76.6,76.8,79.8,82.84819,3.0
95.2,86.4,100.0,86.4,88.1,81.1,3.5
88.1,85.5,82.6,85.4,87.4,60.1,2.5
99.9,82.9,82.2,80.8,86.8,80.5,3.5
100.0,99.5,97.0,100.0,92.3,93.2,5.0
98.9,86.3,87.4,90.9,85.2,84.3,4.0
98.3,86.7,88.8,91.3,86.2,83.5,4.0
98.2,92.3,91.8,92.9,88.2,86.9,4.0
99.9,77.3,91.6,87.7,97.2,88.2,4.0
99.7,77.7,86.2,87.0,77.9,84.0,3.5
99.7,86.7,88.3,89.7,88.7,81.1,3.5
100.0,84.4,86.6,85.2,87.7,82.0,3.5
97.0,90.3,87.9,91.6,86.3,86.9,4.0
96.3,89.4,91.3,92.2,88.1,86.1,4.0
85.9,82.5,93.6,90.9,91.4,80.9,3.5
99.1,84.8,75.0,89.3,86.9,85.2,3.5
99.9,75.8,78.6,82.3,73.4,78.8,3.0
99.8,86.1,85.7,89.2,91.1,80.7,3.5
100.0,73.1,97.9,86.9,94.2,69.7,3.5
99.8,88.4,88.5,90.9,90.0,86.5,4.0
95.3,76.9,82.7,84.2,79.9,76.1,3.0
100.0,78.6,81.5,85.0,84.6,77.9,3.5
99.6,82.4,88.0,90.1,93.3,87.6,4.0
100.0,89.0,90.6,94.8,90.7,91.3,4.5
99.7,81.0,88.2,85.8,89.5,81.0,3.5
100.0,77.2,88.2,73.6,88.2,70.9,3.5
98.2,95.0,94.8,96.1,86.6,99.2,4.5
97.9,83.6,86.4,88.1,85.5,81.1,3.5
98.8,95.8,98.3,97.0,93.5,98.1,5.0
100.0,80.4,85.7,78.4,78.3,78.4,3.5
92.2,73.3,78.8,80.9,88.0,73.2,2.5
94.9,72.9,77.5,73.1,81.0,70.9,2.5
100.0,90.5,89.4,93.4,90.9,87.2,4.5
100.0,92.3,92.3,91.3,92.4,86.9,4.5
100.0,90.4,89.2,90.7,90.8,86.5,4.5
99.7,98.4,98.8,98.4,89.4,99.0,4.5
100.0,90.5,95.2,94.4,93.2,85.6,4.5
99.5,87.2,86.6,90.7,95.6,83.2,3.5
98.2,76.1,84.6,91.3,81.6,75.0,3.5
97.9,83.1,79.9,81.6,91.3,65.5,3.0
92.9,75.6,79.6,80.9,85.3,73.9,3.0
99.7,92.1,90.9,100.0,89.1,99.1,4.5
97.6,76.0,80.2,80.1,73.3,68.4,2.5
86.8,77.9,85.8,74.1,82.1,79.0,2.5
94.1,84.0,85.0,84.4,89.5,78.4,3.5
100.0,82.7,84.9,83.9,76.8,71.0,3.5
99.8,88.3,91.6,89.1,91.4,85.8,4.5
99.1,94.6,93.0,94.2,84.5,88.0,4.5
96.4,85.3,92.0,86.7,88.6,83.8,4.0
99.9,88.7,89.9,90.6,90.4,83.8,4.5
99.4,87.3,88.3,89.7,89.7,86.3,4.0
99.3,71.8,75.0,70.4,81.1,64.8,2.0
99.7,85.3,82.8,87.7,89.0,80.0,4.0
99.9,85.6,88.2,85.2,92.5,80.4,4.0
100.0,84.8,83.7,89.8,83.7,86.1,3.5
99.9,81.9,83.2,84.7,91.0,78.7,3.5
87.4,81.3,83.6,77.5,80.5,74.5,2.5
99.7,80.6,81.5,80.7,90.2,76.9,3.0
96.1,80.1,85.3,80.1,82.4,76.1,3.0
98.5,81.0,92.2,83.1,93.0,74.7,3.5
88.5,83.0,83.5,85.5,86.5,76.4,3.0
95.7,76.2,86.2,78.0,78.3,75.2,2.5
89.8,74.9,78.4,80.8,74.4,75.7,2.5
100.0,82.4,84.6,72.8,79.7,73.7,3.0
99.8,90.6,91.9,89.2,92.4,87.2,4.5
100.0,90.1,91.2,88.5,93.8,91.3,5.0
99.5,90.8,91.7,89.7,88.4,85.2,4.5
91.8,82.5,87.5,85.1,88.3,76.5,3.0
85.8,87.5,91.7,97.2,84.6,100.0,4.0
99.8,90.9,94.6,93.9,90.2,86.1,4.5
94.8,78.8,79.2,83.3,75.4,67.5,2.5
96.6,85.4,87.8,87.0,91.6,80.4,3.5
93.8,83.7,84.4,84.9,83.6,74.2,3.5
98.0,94.6,92.1,93.8,94.0,86.8,4.5
92.9,88.6,90.5,91.5,91.2,83.9,4.0
99.7,89.3,88.1,86.6,88.9,85.1,4.0
92.1,82.9,85.2,84.2,85.9,75.9,3.0
99.2,95.5,95.1,96.8,99.0,94.0,5.0
99.9,92.7,92.6,91.6,91.1,92.3,5.0
100.0,86.0,87.6,84.4,91.9,80.7,4.5
100.0,91.4,91.1,89.8,86.7,84.6,4.5
100.0,89.8,87.0,89.5,90.9,86.2,4.0
99.5,92.2,92.8,96.6,92.5,93.6,4.5
99.4,90.5,92.7,90.7,89.5,97.1,4.5
99.5,84.3,84.6,85.1,85.3,78.2,3.5
94.7,82.1,81.6,80.5,83.1,73.6,3.0
100.0,95.5,92.8,94.2,88.1,95.9,5.0
95.1,76.8,82.6,80.9,75.0,72.2,3.0
99.7,82.1,87.2,85.9,84.1,79.2,3.5
99.5,84.6,85.6,84.7,86.7,80.8,3.5
99.5,91.5,93.3,93.8,94.5,89.1,4.5
98.0,88.2,88.5,90.7,94.0,89.4,4.5
99.5,78.7,81.0,77.8,88.1,74.0,3.0
98.2,84.6,85.8,84.8,89.1,82.8,3.0
99.0,86.2,88.5,88.0,87.1,83.6,4.0
98.2,93.8,92.5,94.4,88.4,93.0,4.5
100.0,86.1,89.6,85.0,84.8,82.4,4.0
95.5,73.9,90.6,76.1,84.0,74.2,3.0
93.6,78.2,77.4,77.8,79.6,74.3,2.5
89.5,76.9,80.7,79.0,73.7,73.4,2.5
94.4,88.4,94.6,90.0,89.4,87.1,4.0
92.2,77.2,86.6,85.7,91.4,74.8,3.0
100.0,81.1,80.4,82.0,81.4,74.4,3.5
99.9,90.1,92.9,91.8,95.4,85.1,4.5
84.0,79.2,87.6,85.5,77.1,79.2,3.0
97.7,81.7,87.0,84.3,84.9,79.2,3.0
99.4,94.6,93.2,96.1,86.4,99.0,4.5
99.7,90.7,88.8,88.1,83.1,82.8,4.0
99.0,90.7,90.0,89.1,86.0,85.0,4.0
98.6,88.8,87.9,89.9,87.7,87.9,3.5
99.2,87.2,84.9,91.9,74.9,77.0,3.5
93.3,84.3,86.3,91.2,91.1,83.8,3.5
94.4,84.2,84.2,88.6,86.5,81.8,3.5
95.2,87.0,86.2,94.1,85.1,85.9,3.5
99.0,87.2,86.9,89.1,89.8,83.4,4.0
99.3,69.0,65.8,73.2,81.8,70.2,2.0
99.7,85.5,91.0,90.5,89.5,80.1,4.0
97.6,76.6,73.7,73.9,76.3,72.2,3.0
98.1,69.9,72.6,71.4,67.4,66.2,2.5
97.8,83.2,77.7,87.4,87.5,82.5,3.0
100.0,80.3,81.9,78.1,80.1,75.8,3.5
99.5,72.3,77.3,80.9,79.0,69.5,2.5
98.6,74.3,81.6,80.5,89.4,65.0,3.0
100.0,100.0,94.8,99.2,100.0,100.0,5.0
94.8,85.2,81.9,87.7,83.8,77.1,3.0
99.4,94.9,100.0,100.0,90.9,97.6,5.0
91.8,81.6,86.6,84.8,84.2,74.6,3.0
99.3,92.4,92.0,94.6,97.2,91.5,5.0
99.8,81.6,80.1,88.7,87.1,80.2,3.5
99.2,84.3,85.0,86.0,85.9,78.1,3.0
100.0,80.1,91.9,85.8,100.0,77.0,4.0
96.9,83.2,85.1,85.5,83.4,81.1,3.0
98.7,88.7,87.9,90.0,90.1,84.8,4.0
98.4,92.9,94.7,95.6,87.0,99.8,4.5
99.7,74.8,73.0,78.9,71.7,67.9,2.5
97.2,82.1,82.7,81.7,74.5,80.9,3.0
98.2,81.1,82.4,79.2,83.1,77.7,3.0
84.8,82.8,84.3,80.3,77.2,76.3,2.5
98.8,82.8,86.1,83.1,85.6,75.5,3.0
99.8,87.6,88.4,87.1,85.8,85.2,3.5
86.4,78.8,81.2,83.2,79.2,73.4,2.5
87.7,92.5,90.4,91.6,90.7,89.2,4.0
88.9,94.4,95.6,95.2,93.9,100.0,4.5
97.1,85.8,88.3,85.2,86.6,78.8,3.0
98.4,82.0,88.8,86.0,82.0,82.1,3.5
90.5,80.1,81.2,79.9,79.2,79.5,3.0
99.8,98.8,89.5,92.2,92.0,89.5,5.0
96.1,85.8,85.5,89.3,95.5,85.9,4.0
92.3,71.4,79.7,81.3,69.3,81.6,2.5
96.2,87.9,85.9,86.3,84.9,96.2,3.5
87.4,85.4,84.6,89.2,85.7,81.4,3.5
100.0,90.1,85.4,91.6,90.7,93.8,4.5
86.8,87.0,85.8,93.6,92.0,84.3,4.0
100.0,92.2,92.1,93.1,94.6,84.7,4.5
96.6,93.2,88.1,96.1,93.3,89.4,4.5
96.2,91.1,86.1,94.3,82.6,89.4,4.0
98.3,85.2,86.1,87.4,82.8,85.4,3.5
95.9,92.2,88.4,95.9,93.6,91.7,4.5
98.1,92.6,89.2,95.1,92.0,92.9,4.5
100.0,89.4,82.4,82.9,65.3,69.1,3.0
99.9,90.3,87.2,93.1,87.8,95.7,4.5
100.0,99.0,95.6,100.0,100.0,100.0,5.0
98.6,75.6,83.1,78.8,89.9,69.8,3.0
95.3,87.4,88.0,93.6,95.0,87.1,4.0
99.6,80.7,79.4,82.3,81.6,72.0,3.0
100.0,96.5,90.6,95.9,98.6,94.0,5.0
84.8,73.5,75.6,79.2,82.1,74.8,2.0
92.5,83.1,82.2,85.2,88.3,72.6,3.0
97.5,77.0,73.6,82.9,72.4,57.4,2.5
96.91253,82.89881,85.32942,86.91977,86.52452,82.84819,3.0
99.5,88.7,87.7,89.6,93.7,84.9,4.0
99.8,97.2,92.6,95.5,99.2,96.0,5.0
97.1,82.3,85.1,88.9,87.9,81.7,3.0
100.0,95.3,97.1,99.9,97.8,100.0,5.0
93.5,90.1,87.8,90.5,87.0,86.4,4.0
98.5,85.2,87.2,89.2,85.1,80.8,3.5
100.0,88.0,97.6,89.9,90.9,87.5,4.5
96.8,82.1,80.7,87.1,86.2,94.0,3.5
85.6,66.8,67.3,79.0,65.5,59.3,2.0
100.0,83.9,83.1,94.5,91.4,84.3,4.0
96.7,80.2,98.5,83.1,88.6,100.0,4.0
99.8,83.1,87.1,95.5,85.1,90.0,4.0
88.7,73.6,76.3,74.6,84.8,72.9,2.0
99.9,78.2,81.3,81.2,80.8,75.6,3.0
95.2,81.9,83.1,90.0,80.8,81.6,3.0
100.0,86.6,73.6,88.7,90.2,84.6,3.5
99.4,100.0,100.0,100.0,96.4,100.0,5.0
93.6,80.2,79.8,86.3,83.0,79.0,3.0
92.0,64.1,63.7,65.9,66.4,55.9,1.5
100.0,84.4,91.3,94.8,88.8,85.8,4.0
100.0,100.0,84.4,100.0,87.6,80.0,4.5
89.7,86.0,100.0,89.1,91.0,94.9,3.5
99.9,89.5,87.9,91.1,92.3,87.2,4.5
91.7,71.0,79.9,76.7,77.7,68.0,2.5
98.2,75.9,78.1,75.4,80.0,71.0,3.0
98.6,84.4,90.7,85.8,91.3,88.5,4.0
98.3,83.6,85.1,87.2,95.0,80.8,3.5
100.0,76.8,89.8,73.0,71.5,69.1,2.5
95.4,96.1,82.6,94.6,76.6,81.7,4.0
100.0,87.8,87.9,87.7,87.2,84.2,4.0
98.7,88.6,88.3,87.1,85.9,84.9,3.5
98.0,100.0,94.8,89.2,96.8,97.2,5.0
85.1,82.4,84.0,86.6,88.0,81.9,3.0
95.4,81.1,79.4,76.0,81.6,69.9,2.5
98.7,77.7,71.4,69.5,93.2,57.6,2.5
100.0,92.4,93.1,93.1,88.2,90.4,4.5
100.0,91.4,90.6,89.6,86.1,88.1,4.5
99.9,96.3,95.9,96.1,91.7,96.7,5.0
99.1,80.9,100.0,90.0,99.9,81.6,4.0
96.8,79.8,82.5,80.4,82.0,71.1,3.0
98.1,85.3,87.2,85.7,88.0,79.5,3.5
99.4,83.5,88.9,87.8,86.2,78.2,3.5
100.0,73.3,81.4,82.4,81.4,83.3,3.5
97.7,87.5,94.3,80.8,89.9,80.6,3.5
94.2,89.0,90.3,89.9,87.9,85.0,3.5
100.0,74.0,95.3,98.8,73.2,69.8,4.0
99.5,82.2,85.5,84.7,91.0,78.8,4.0
88.7,69.3,69.9,74.3,71.4,65.2,2.0
99.4,89.4,89.0,91.0,90.6,92.2,4.5
98.8,79.6,84.9,80.2,71.6,72.2,2.5
99.4,83.4,86.4,81.2,85.5,77.8,3.0
99.8,75.7,82.2,74.7,76.5,74.7,3.0
94.3,88.5,88.7,96.2,92.9,88.8,4.5
99.8,82.9,83.7,81.5,84.7,79.1,3.0
99.3,83.4,81.0,85.9,85.9,76.7,3.5
99.5,86.7,87.0,85.1,90.1,80.8,3.5
99.4,89.0,91.4,93.2,95.3,88.8,4.5
98.1,82.4,86.2,85.9,79.4,81.3,3.5
100.0,83.3,80.5,85.3,91.1,75.5,3.5
93.5,80.9,79.5,80.9,84.1,72.4,2.5
90.1,83.8,85.7,89.0,86.0,79.2,3.0
98.6,91.3,88.5,92.6,90.6,84.8,4.0
95.5,78.8,81.2,79.4,81.1,73.1,2.5
97.5,84.3,89.2,84.2,83.7,89.8,3.5
99.8,83.7,85.3,89.1,89.1,79.9,3.5
99.9,90.4,90.5,90.1,88.1,90.5,4.0
94.3,90.4,89.1,90.8,100.0,88.3,4.0
88.8,90.9,90.2,96.7,96.0,90.4,4.0
98.3,83.5,87.3,85.7,88.0,85.1,3.5
88.9,81.6,82.2,83.5,75.5,79.3,2.5
99.6,72.9,72.1,80.4,75.4,74.8,3.0
98.4,92.0,94.6,94.8,88.1,93.9,4.0
100.0,85.8,89.8,82.1,80.9,79.9,4.0
94.9,78.0,92.3,84.3,77.4,75.4,3.0
99.8,82.0,84.8,83.8,87.2,84.0,3.5
100.0,85.7,84.3,87.8,84.9,87.3,4.0
99.0,75.9,80.7,78.2,83.3,73.4,3.0
99.4,84.6,100.0,91.1,83.1,92.8,4.0
99.8,84.9,85.7,87.4,92.6,85.1,4.0
99.9,86.4,89.2,92.5,86.9,90.6,4.5
96.4,93.7,100.0,94.5,88.7,87.7,4.5
98.4,93.8,90.9,92.1,84.0,87.5,4.0
98.9,88.1,100.0,93.1,92.4,88.9,4.0
97.7,77.8,88.2,84.5,78.7,83.7,3.5
92.0,88.6,82.8,92.5,92.4,86.2,3.5
98.6,84.9,99.5,90.7,90.3,86.1,4.0
99.4,82.9,83.7,82.0,78.2,79.6,3.0
98.4,80.0,79.4,76.7,66.2,74.2,2.5
95.7,77.8,75.1,80.6,73.7,73.7,2.5
99.0,77.9,82.1,83.8,87.1,78.8,3.5
97.2,84.2,87.1,84.4,86.6,83.4,3.5
99.4,82.7,82.2,81.3,79.9,76.7,3.5
94.7,89.3,86.4,94.4,91.0,86.2,4.0
100.0,60.2,79.1,83.4,99.1,83.3,3.5
98.5,85.2,84.6,84.2,82.7,79.0,3.5
93.3,87.9,94.1,100.0,99.6,83.9,4.5
88.8,71.8,88.1,87.3,84.7,100.0,3.0
98.4,88.4,89.7,87.9,92.3,93.7,4.0
95.5,84.7,87.1,82.4,82.5,81.2,3.0
100.0,88.8,88.3,91.2,88.3,89.5,4.5
93.8,80.8,88.5,83.9,71.4,81.1,2.5
98.3,94.0,92.3,96.5,92.6,90.3,4.5
98.9,86.0,86.6,90.4,85.6,80.6,3.5
99.0,94.6,75.8,85.4,90.3,87.4,4.0
99.2,81.4,82.4,84.7,80.6,84.2,3.0
99.6,89.1,89.6,88.8,89.9,90.2,4.5
100.0,89.2,89.0,93.7,84.7,87.7,4.5
98.6,91.2,93.8,90.9,91.1,93.5,4.5
95.5,83.9,79.2,82.0,87.8,81.2,3.0
99.2,94.0,100.0,95.7,100.0,97.4,5.0
99.0,76.2,81.8,74.8,80.7,62.7,2.5
99.2,83.7,87.2,88.6,81.7,95.3,4.0
99.7,84.0,85.8,86.3,86.5,73.4,3.5
86.5,77.4,96.9,93.5,85.0,100.0,4.0
98.6,91.4,94.4,88.8,89.0,85.4,4.5
97.1,82.4,81.5,84.8,83.2,74.1,3.0
100.0,86.7,86.5,86.5,88.9,80.0,4.0
87.8,89.8,88.7,95.7,98.7,88.9,4.0
86.6,92.4,88.7,97.1,95.6,92.4,4.5
97.7,91.9,89.7,90.9,89.8,89.6,4.0
92.6,77.6,88.4,84.1,77.1,78.4,3.0
98.2,94.3,87.9,97.2,98.2,94.9,4.5
100.0,88.6,88.1,89.0,98.5,89.4,4.5
93.6,75.7,77.0,77.6,89.5,74.9,2.5
99.9,84.2,89.2,87.2,88.3,85.7,3.5
97.8,88.8,85.7,89.4,78.0,75.2,3.0
97.9,88.3,87.8,91.0,90.5,85.1,4.0
98.1,88.1,100.0,87.4,91.9,80.6,4.0
100.0,82.1,86.3,92.9,90.0,89.6,4.0
99.7,92.0,94.4,100.0,89.3,100.0,4.5
92.2,78.7,82.8,82.5,76.2,74.5,3.0
96.6,86.3,92.6,88.7,86.2,90.5,4.0
99.8,98.8,95.0,100.0,91.5,100.0,4.5
100.0,96.5,91.9,94.6,88.5,99.6,4.5
99.1,79.5,85.5,84.3,82.6,72.0,3.0
98.0,66.5,75.4,79.0,72.1,63.3,2.0
90.6,72.4,75.6,80.0,71.5,59.6,2.5
96.1,83.5,80.6,84.8,87.5,76.2,3.0
99.3,80.6,90.4,84.1,83.4,77.5,3.5
99.7,89.9,90.1,95.8,94.1,90.1,4.5
94.8,88.7,87.3,91.5,88.7,87.4,4.0
99.7,91.5,90.9,93.9,92.8,87.0,4.5
99.2,81.5,89.8,87.9,81.2,78.9,3.5
94.9,80.1,81.9,83.5,98.2,99.8,3.5
89.0,74.3,74.2,79.8,85.4,66.1,2.5
98.6,84.3,83.9,94.0,83.1,80.1,3.5
100.0,86.2,92.7,82.9,86.6,81.6,3.5
94.2,84.5,87.0,89.6,88.7,76.0,3.5
100.0,91.2,74.6,89.5,68.9,77.6,3.5
99.7,91.9,91.6,93.4,89.3,92.2,4.5
99.9,96.3,94.1,97.5,94.6,94.2,5.0
100.0,90.4,89.4,91.1,93.2,97.1,5.0
99.0,89.6,85.1,94.0,73.7,91.7,3.5
99.6,80.9,81.4,84.8,86.2,77.3,3.5
100.0,94.2,91.2,97.3,88.8,89.8,5.0
98.3,79.0,80.3,84.0,78.2,75.0,2.5
97.4,76.0,78.4,77.2,67.3,70.3,2.5
100.0,81.3,82.5,84.7,70.8,81.3,3.0
100.0,81.3,82.9,80.9,83.4,75.5,3.0
99.8,84.5,92.0,91.0,86.6,87.1,4.0
99.9,92.0,91.6,95.0,91.1,90.5,4.5
99.6,75.3,76.2,83.4,73.2,76.0,2.5
93.4,91.8,86.3,92.6,87.1,93.9,4.0
97.2,89.0,81.5,89.3,84.3,88.5,3.5
97.8,78.8,83.3,89.9,75.8,81.4,3.0
100.0,100.0,96.0,100.0,100.0,100.0,5.0
99.1,89.9,90.3,94.1,85.6,87.5,4.5
100.0,83.4,84.3,85.1,80.5,77.8,3.5
97.3,74.8,77.8,79.8,74.1,74.8,3.0
98.5,87.8,83.5,90.0,81.0,83.7,3.5
99.6,93.2,100.0,100.0,100.0,89.0,5.0
98.6,94.6,90.0,97.6,89.7,90.1,4.5
100.0,98.0,91.7,97.0,94.4,100.0,5.0
98.9,94.4,92.1,96.6,96.3,90.1,4.5
97.9,86.5,88.1,87.4,84.9,86.0,3.5
96.6,74.6,79.3,78.8,73.9,74.1,2.5
98.4,88.4,81.2,91.1,83.7,80.3,3.5
98.1,96.8,86.2,87.0,79.5,89.5,4.0
97.6,82.7,84.5,82.3,77.4,76.4,3.0
100.0,76.7,84.2,80.6,75.2,79.0,3.0
85.9,79.4,76.0,79.5,86.3,75.8,2.5
87.0,76.4,74.7,79.2,87.5,74.3,2.5
99.8,93.9,93.4,97.1,91.9,95.5,5.0
89.2,82.8,83.0,86.6,91.2,82.2,3.5
92.6,85.7,88.2,87.9,88.7,80.8,3.5
99.8,85.7,89.6,92.7,93.0,87.7,4.5
96.2,85.5,83.4,86.1,81.1,81.1,3.5
99.9,95.3,98.3,93.0,86.1,94.0,5.0
99.8,78.6,71.3,83.6,92.3,65.8,3.0
87.9,67.9,72.0,69.4,77.8,60.8,2.0
94.4,73.8,78.4,79.1,88.7,70.1,2.5
86.5,87.4,86.4,87.8,89.0,83.9,3.5
97.7,80.3,85.6,87.1,82.6,78.8,3.0
99.1,94.5,95.1,96.6,91.6,92.4,5.0
100.0,73.6,78.3,85.4,88.8,69.1,3.0
99.6,92.8,93.6,92.8,92.2,92.0,4.5
99.4,92.6,92.0,92.3,91.5,87.7,4.5
99.6,81.2,84.3,80.1,81.9,75.4,3.0
98.3,77.3,81.6,77.6,77.8,74.0,2.5
97.8,84.0,87.2,87.9,93.8,87.7,4.0
93.1,86.4,87.5,87.0,85.8,80.0,3.5
99.5,90.0,88.3,91.4,92.2,83.6,4.0
98.7,77.8,78.2,73.2,69.1,65.7,2.5
99.8,79.4,81.2,86.1,89.5,78.2,3.5
96.4,85.8,87.2,88.9,94.7,82.1,4.0
98.8,81.1,83.5,82.6,78.9,70.6,3.0
93.9,77.1,78.5,78.4,77.9,70.0,2.5
91.6,94.1,90.2,91.8,85.6,85.9,4.0
99.8,80.4,82.1,80.6,84.1,77.7,3.0
99.3,83.6,86.8,82.0,85.9,73.3,3.5
86.0,85.0,85.2,85.1,81.2,78.6,3.0
99.8,89.2,89.0,88.5,96.8,84.5,4.5
99.8,93.1,93.4,92.6,88.2,89.1,4.5
99.9,86.1,89.9,88.3,89.0,88.3,4.0
96.6,96.1,91.2,97.3,100.0,93.2,4.5
98.6,87.0,85.0,88.6,90.8,84.3,3.5
99.8,89.3,89.7,87.1,86.4,84.6,4.0
100.0,90.4,88.5,93.3,93.7,90.4,4.5
100.0,89.8,92.5,91.5,93.9,85.0,4.5
99.4,79.7,80.4,78.9,83.8,74.5,2.5
99.6,86.3,90.0,89.6,95.1,82.7,4.0
94.7,87.8,92.8,86.9,88.9,83.4,3.5
98.9,80.0,81.6,82.3,73.7,83.4,3.0
99.9,81.5,75.2,78.1,81.3,73.7,2.5
99.8,87.2,100.0,92.1,91.8,86.1,4.0
100.0,79.1,78.0,85.6,92.4,80.4,3.5
98.9,86.9,86.6,88.6,89.9,86.9,4.0
99.1,83.0,90.6,87.0,89.5,78.2,3.5
88.0,83.4,82.4,83.0,92.1,79.7,3.0
99.8,89.1,95.8,93.7,89.8,85.3,4.5
99.8,82.8,84.1,84.0,85.9,77.3,3.5
96.1,86.2,88.9,84.9,84.1,84.5,3.5
96.8,90.3,81.7,91.2,90.2,77.5,3.5
98.5,100.0,100.0,99.4,100.0,100.0,5.0
96.7,94.2,91.8,93.5,77.7,87.6,4.0
96.5,96.7,93.4,100.0,90.0,98.5,4.5
100.0,88.6,86.3,84.5,86.3,86.1,4.0
91.9,89.7,90.7,78.8,74.0,64.9,3.0
99.4,96.6,72.5,96.9,100.0,89.7,4.5
95.3,63.8,73.5,72.6,68.3,68.9,2.0
100.0,92.1,90.7,91.2,93.5,90.8,4.5
99.5,77.9,72.5,85.6,75.2,80.6,3.0
100.0,92.0,89.5,93.5,93.7,94.3,5.0
100.0,79.9,82.2,79.6,81.7,75.3,3.0
95.8,79.5,82.5,79.5,84.7,78.5,2.5
95.0,75.4,72.7,79.5,71.6,68.2,2.5
95.1,88.9,93.5,90.4,85.9,87.0,4.0
98.8,90.7,89.8,89.1,83.4,87.4,4.0
99.9,81.0,91.9,84.3,90.4,79.7,4.0
99.4,75.9,77.7,85.3,86.6,71.4,3.0
99.0,83.2,88.9,88.1,91.3,81.1,3.5
98.3,83.4,88.1,87.8,80.6,81.6,3.5
90.8,84.3,94.5,88.2,93.5,75.0,4.0
99.3,87.3,89.9,91.0,88.5,84.3,4.0
99.4,85.4,86.6,88.4,91.5,80.7,4.0
93.7,84.3,79.7,81.8,87.9,78.1,3.0
100.0,74.9,79.9,80.3,83.0,78.6,3.0
96.1,81.0,85.4,87.5,92.7,83.1,3.0
92.2,92.8,97.9,94.7,87.7,91.7,4.0
100.0,85.1,86.2,90.5,93.8,85.0,4.0
99.8,82.6,83.6,81.1,65.3,69.8,3.0
97.8,71.6,81.9,71.3,71.6,65.3,2.5
96.0,68.4,78.1,73.1,89.1,60.2,2.0
91.8,92.5,93.2,97.8,97.6,79.9,4.5
98.8,79.7,83.6,85.1,85.5,81.6,3.5
99.4,83.3,98.9,88.6,86.9,87.5,4.0
99.7,73.6,75.0,82.0,86.0,71.3,3.0
98.4,84.0,86.1,89.4,87.3,82.1,3.0
98.6,76.4,82.1,80.0,73.8,75.7,2.5
99.5,80.0,87.6,79.5,80.6,70.2,3.0
99.4,83.6,88.1,88.5,88.2,83.6,4.0
88.5,80.0,78.5,73.5,89.8,77.3,2.5
95.3,77.6,92.3,79.0,83.8,67.9,3.0
87.6,82.6,100.0,87.7,89.8,73.5,3.5
97.4,87.4,92.9,89.2,96.9,77.5,4.0
97.8,93.4,89.0,94.7,86.52452,86.3,4.0
95.3,89.9,90.3,92.5,95.0,86.5,4.0
99.5,88.6,88.5,91.6,86.52452,93.2,4.0
100.0,81.4,82.2,87.4,92.9,78.8,3.5
93.8,82.7,82.8,78.0,77.7,70.7,2.5
99.7,99.5,95.4,89.2,96.6,84.8,4.5
99.0,75.5,81.7,70.3,76.2,76.4,2.5
100.0,74.5,85.1,74.1,91.5,77.8,3.5
96.0,83.8,84.3,80.7,83.3,76.8,3.0
99.9,89.1,93.4,86.6,96.5,86.3,4.5
98.6,94.5,94.9,93.3,86.8,90.5,4.5
98.5,92.3,93.0,92.7,96.6,88.9,4.5
99.6,79.7,86.1,78.6,79.4,81.5,3.0
96.7,82.5,86.2,86.7,87.0,82.0,3.5
99.1,88.0,90.0,92.7,91.6,86.5,4.5
99.4,82.1,83.8,83.6,81.6,77.2,3.0
100.0,91.1,87.4,88.2,94.1,87.7,4.5
99.0,74.3,72.9,80.2,92.0,72.7,3.0
99.1,83.8,79.6,79.5,87.3,78.9,3.0
100.0,92.2,92.5,92.2,94.1,89.6,5.0
100.0,83.9,89.3,91.0,94.0,88.6,4.0
99.7,88.8,89.8,92.3,94.4,85.2,4.0
99.9,86.9,86.3,90.5,90.7,87.2,4.0
96.4,91.4,92.0,93.2,89.9,90.8,4.5
94.7,77.3,79.1,72.5,79.2,65.9,2.5
98.6,89.6,87.7,92.8,94.6,85.9,4.0
96.5,74.7,82.6,77.8,83.1,72.9,2.5
100.0,88.5,87.6,86.5,90.2,83.8,4.0
99.2,90.2,89.3,87.9,92.1,87.4,4.0
91.8,79.1,83.1,82.4,80.2,74.7,2.5
99.7,91.7,90.1,88.3,90.4,89.4,4.5
91.6,85.3,89.3,91.0,87.4,88.8,3.5
96.7,86.7,89.6,89.7,89.2,85.7,3.5
99.6,83.9,84.3,86.7,86.8,82.3,3.5
98.5,83.8,88.7,92.4,91.5,86.0,4.0
100.0,94.0,92.1,97.5,97.5,92.9,5.0
99.7,91.1,88.4,89.6,90.3,85.5,4.0
96.5,91.2,88.8,97.9,92.8,95.9,4.5
98.5,73.7,77.5,78.6,74.2,68.9,2.5
99.1,86.3,88.7,90.1,92.8,80.2,4.0
97.0,64.5,68.3,75.6,80.1,62.3,2.0
99.4,86.9,91.6,84.0,88.6,82.7,3.5
98.4,94.4,91.9,95.9,90.3,97.3,5.0
95.8,88.6,91.1,82.0,76.9,75.0,3.5
97.8,89.6,83.8,86.2,83.7,85.8,3.5
96.4,82.2,74.2,83.9,74.4,71.4,3.0
98.6,80.3,86.0,100.0,91.3,98.6,4.0
99.2,91.0,90.1,95.0,99.6,100.0,4.5
100.0,83.4,89.3,89.2,85.7,89.1,4.0
98.2,67.0,78.3,70.9,80.9,61.3,2.5
100.0,92.2,91.2,92.7,92.1,87.9,5.0
99.6,93.7,92.9,95.9,90.8,98.2,5.0
97.2,87.5,88.5,89.3,90.9,86.7,4.0
100.0,96.9,92.0,92.5,87.1,92.7,4.5
98.9,84.3,85.4,88.2,86.7,81.0,3.5
99.7,84.5,85.8,86.7,80.4,89.5,3.5
100.0,85.1,86.7,86.5,83.0,82.8,3.5
85.1,76.2,81.2,71.1,72.8,68.8,2.0
98.5,93.3,96.0,93.4,91.4,96.2,4.5
100.0,83.1,86.8,89.4,88.6,85.8,4.0
99.9,91.0,89.5,90.3,89.6,89.0,4.5
91.7,78.9,82.5,77.5,81.6,67.1,2.5
99.7,88.5,90.9,89.5,86.2,84.7,4.0
99.3,87.8,91.5,89.4,94.6,95.0,4.5
100.0,97.3,96.9,100.0,100.0,98.1,5.0
99.6,92.8,88.2,92.3,90.5,89.6,4.5
99.6,91.6,89.7,90.3,93.1,87.7,4.5
99.6,84.2,86.9,90.9,86.2,84.1,4.0
97.1,88.4,88.8,92.0,89.3,86.8,4.0
99.9,90.8,94.3,96.3,91.5,94.0,4.5
99.5,90.9,92.4,91.5,93.0,87.0,4.0
95.4,80.3,84.2,82.0,80.4,74.5,3.0
95.3,81.1,85.6,83.9,87.8,80.8,3.0
93.7,83.9,72.7,85.1,83.9,64.5,2.5
100.0,91.2,92.1,89.6,92.1,86.9,4.5
99.2,67.7,79.1,86.2,75.7,77.1,3.0
99.8,94.5,90.8,91.5,87.3,96.6,4.5
99.1,88.5,87.4,88.2,89.8,87.6,3.5
99.7,81.9,88.1,88.7,87.5,81.1,3.5
98.4,77.6,84.9,80.1,75.8,75.8,3.0
99.7,87.9,89.0,90.1,91.1,85.0,4.0
99.5,87.0,91.0,91.9,81.5,84.3,3.5
94.2,83.9,85.4,84.5,88.9,79.2,3.5
100.0,95.8,93.6,95.6,96.1,96.8,4.5
100.0,89.9,92.8,91.0,90.7,97.6,4.5
100.0,77.6,87.5,86.2,83.0,75.4,3.5
99.8,92.6,91.5,91.2,93.4,91.1,4.5
99.2,87.1,88.1,91.2,89.3,85.1,4.5
98.9,92.1,87.6,91.4,90.7,90.8,4.5
100.0,93.0,96.4,94.1,94.7,88.2,4.5
99.7,92.8,89.8,93.0,88.4,91.9,4.5
99.8,91.3,90.6,92.6,90.9,90.9,4.5
99.8,80.1,87.5,87.9,86.9,80.2,3.5
99.4,100.0,100.0,97.6,95.4,97.4,5.0
98.7,82.1,89.8,89.1,82.8,75.6,3.5
98.3,78.6,78.3,85.0,77.5,75.5,3.0
96.5,87.7,86.1,90.0,82.0,88.5,3.5
97.4,74.6,78.6,80.1,85.8,74.6,3.0
98.5,91.7,96.3,95.0,96.5,89.0,4.5
100.0,81.8,80.7,86.4,77.0,81.2,3.5
98.3,83.4,84.8,89.8,86.1,81.0,3.5
100.0,77.2,81.8,79.7,78.5,75.2,3.0
99.5,91.0,92.4,96.0,92.4,89.3,4.5
99.2,87.9,88.3,93.4,89.7,85.4,4.0
100.0,72.6,67.6,74.4,67.6,73.4,2.5
96.9,87.7,87.3,90.9,88.9,84.4,4.0
100.0,80.5,81.9,83.4,84.1,77.0,3.5
99.5,82.4,83.9,87.5,89.9,78.2,3.5
100.0,87.0,88.7,93.1,86.2,84.5,4.0
96.5,94.0,93.8,100.0,100.0,95.6,5.0
99.4,84.2,93.4,92.1,85.0,86.7,4.0
100.0,93.3,94.4,100.0,100.0,97.5,5.0
97.1,88.8,85.4,92.5,86.7,86.5,4.0
98.6,97.4,93.6,99.2,99.0,96.6,4.5
99.6,94.3,93.9,92.5,87.9,91.3,4.5
97.7,89.5,89.4,94.4,93.4,89.3,4.0
100.0,93.7,94.5,91.1,89.5,91.5,4.5
97.6,90.3,85.3,93.0,95.7,79.7,4.0
100.0,80.8,81.2,88.6,89.1,72.1,3.5
99.0,89.5,87.9,93.9,89.1,84.7,4.0
98.5,76.8,70.4,87.1,80.9,74.3,3.0
100.0,73.8,75.2,82.4,71.8,62.4,3.0
99.3,74.7,80.2,84.8,86.7,78.3,3.0
98.4,78.3,81.9,81.1,83.5,76.9,3.0
99.2,84.0,83.0,88.4,82.0,75.7,3.5
99.9,95.8,86.3,93.3,92.7,93.7,4.5
99.8,88.9,88.2,86.2,88.3,84.6,4.0
99.6,68.0,67.6,70.8,71.0,71.1,2.5
98.4,70.8,70.8,78.4,66.2,69.8,2.0
100.0,74.7,74.6,79.6,79.9,80.3,3.0
97.7,81.0,77.4,85.4,73.9,76.1,3.0
96.8,76.1,95.7,86.4,91.1,81.7,3.5
90.3,82.4,74.1,73.9,75.5,93.9,3.0
98.4,80.9,71.1,83.2,75.8,62.2,2.5
97.7,89.9,91.8,95.0,90.3,88.0,4.5
94.5,83.2,83.6,86.9,84.0,79.9,3.0
96.8,86.1,83.3,83.0,75.8,77.6,3.0
100.0,92.9,91.9,95.2,93.8,91.2,4.5
99.3,73.0,78.7,80.1,85.9,87.0,3.0
98.4,89.1,98.4,93.9,90.7,90.9,4.5
100.0,93.3,91.4,93.6,91.1,91.5,4.5
99.6,89.6,90.3,95.8,86.3,87.2,4.5
100.0,97.7,98.3,100.0,92.9,98.1,5.0
99.5,80.5,76.5,86.3,88.6,82.7,3.5
97.7,74.9,82.7,79.6,70.4,74.0,3.0
94.6,89.1,88.1,90.8,80.8,82.2,3.5
99.7,88.8,88.7,100.0,94.8,86.0,4.5
96.8,82.6,81.9,87.8,80.6,89.6,3.5
95.9,83.2,95.1,85.4,86.3,93.1,3.5
98.9,68.4,76.4,79.3,94.2,63.5,3.0
99.5,90.1,86.2,93.3,88.0,86.1,4.0
99.4,77.3,90.6,85.3,73.9,75.2,3.0
99.4,81.0,79.7,91.1,75.6,83.8,3.5
99.7,100.0,98.4,95.9,93.5,97.1,5.0
99.4,81.7,84.3,96.1,82.7,82.9,3.5
98.9,77.2,76.7,84.9,89.1,75.8,3.0
98.2,100.0,99.0,97.6,95.2,98.9,5.0
99.1,92.5,92.2,93.5,94.0,88.3,4.5
97.3,71.7,72.5,80.9,81.7,75.2,2.5
100.0,82.3,75.4,90.4,74.4,80.8,3.0
99.7,94.7,91.9,96.7,91.2,88.5,4.5
87.7,73.8,79.9,73.6,70.1,61.2,2.0
100.0,90.3,89.3,100.0,85.2,87.6,4.5
91.8,85.4,87.3,90.3,90.5,84.8,3.5
96.3,72.2,72.0,79.1,77.2,79.1,2.5
99.0,90.2,92.7,97.1,92.6,90.6,4.5
88.7,86.2,85.0,85.1,83.5,83.7,3.0
99.1,87.1,92.4,92.8,89.3,84.3,4.0
97.0,89.2,88.0,94.2,91.8,90.1,4.5
99.7,90.5,85.3,96.7,84.6,89.5,4.0
99.4,85.7,86.7,92.0,89.3,86.7,4.0
98.6,81.9,76.8,87.9,74.5,80.7,3.0
99.7,96.1,95.2,96.1,83.7,89.6,4.5
91.2,74.4,72.2,76.6,76.3,64.6,2.5
98.9,92.2,90.0,91.3,86.1,84.4,4.0
99.9,94.0,96.6,97.0,90.4,96.2,5.0
96.0,80.1,82.6,81.0,75.5,75.3,2.5
87.7,75.2,72.6,86.6,77.0,78.4,2.5
97.0,86.4,87.3,91.6,83.0,80.1,3.5
98.0,89.1,82.2,93.3,75.2,98.0,4.0
100.0,93.2,93.7,100.0,90.2,92.1,5.0
94.9,82.6,79.6,85.3,81.1,74.8,3.0
99.1,93.2,93.4,98.3,89.4,90.9,4.5
95.8,84.1,87.3,91.2,74.9,82.0,3.5
99.8,88.7,81.1,88.2,82.5,80.6,3.5
96.3,78.4,74.1,82.1,71.4,71.7,2.0
100.0,91.2,91.3,95.5,88.0,87.6,4.5
98.0,66.5,88.7,93.0,83.1,73.1,3.5
100.0,90.9,100.0,94.1,89.7,83.7,4.5
98.3,89.7,90.1,90.8,91.9,84.3,4.5
98.3,95.6,96.3,99.4,96.2,96.2,5.0
92.9,75.8,75.1,92.0,81.6,88.7,3.5
100.0,90.9,88.6,94.3,85.7,92.5,4.5
99.9,92.3,90.2,93.1,97.5,87.9,4.5
100.0,81.2,84.4,78.7,87.5,82.2,3.5
99.4,90.0,85.2,89.5,79.5,87.5,3.5
100.0,77.9,84.8,88.1,77.7,81.7,3.5
97.9,84.3,94.6,87.1,81.6,99.4,4.0
95.7,83.0,74.8,92.3,94.8,75.2,3.0
99.3,80.0,88.7,81.9,81.6,80.2,3.0
99.8,72.2,76.6,78.2,77.7,71.6,2.5
97.8,95.6,93.7,97.3,97.0,100.0,5.0
100.0,69.8,72.5,76.4,70.9,71.6,2.5
98.8,86.0,84.4,86.7,81.0,89.2,3.5
100.0,85.7,94.5,90.8,89.7,87.3,4.5
91.3,79.3,90.1,87.8,89.9,80.8,3.5
99.5,91.3,90.3,95.7,97.4,95.4,5.0
95.6,81.2,79.2,87.9,83.3,86.0,3.0
98.0,88.9,79.7,93.4,78.1,77.0,3.5
97.1,86.5,91.0,89.9,86.9,86.3,4.0
99.9,86.5,85.9,91.0,87.9,84.9,4.0
99.4,82.7,83.5,86.3,83.2,77.6,3.5
100.0,80.3,80.9,91.7,80.7,85.1,3.5
97.6,85.1,84.9,84.5,86.6,86.0,3.5
99.9,77.9,81.0,80.8,79.6,71.5,3.0
96.8,77.2,84.1,78.9,83.3,73.3,3.0
96.4,88.7,87.5,94.2,91.6,86.4,4.5
97.1,73.7,76.2,75.6,75.8,79.1,2.5
86.5,82.7,82.0,85.4,82.2,78.8,3.0
97.8,83.8,85.8,88.3,74.9,82.0,3.0
100.0,100.0,99.1,95.9,89.8,95.3,5.0
99.8,79.4,81.3,89.5,86.6,88.0,3.5
99.1,91.2,90.9,92.2,93.5,89.6,4.5
100.0,90.9,89.0,92.8,88.1,85.0,4.5
100.0,78.9,78.7,78.4,91.6,83.8,3.5
99.6,92.3,91.2,90.9,88.5,92.5,4.5
99.7,91.6,90.1,93.8,90.5,86.8,4.5
99.6,98.3,93.0,100.0,92.0,94.9,5.0
98.1,89.9,91.1,92.1,86.1,84.0,4.0
97.5,97.1,99.1,99.6,96.9,100.0,5.0
92.8,91.9,88.3,90.2,84.0,85.6,3.5
99.2,82.2,84.4,86.4,89.9,79.3,3.5
99.8,86.5,83.8,88.1,79.7,86.8,3.5
98.0,86.1,83.3,94.1,89.9,95.9,4.0
98.6,98.0,95.5,93.9,87.7,100.0,4.5
100.0,75.5,79.6,82.5,100.0,76.6,4.0
99.8,89.4,88.8,87.6,88.5,84.1,4.0
99.7,88.9,89.8,99.8,86.8,82.5,4.5
98.2,88.5,88.5,83.5,89.9,90.9,4.0
99.8,87.8,84.0,93.3,84.9,92.9,4.0
99.3,89.3,88.5,94.0,91.0,90.4,4.0
98.9,83.6,83.0,85.1,80.6,86.0,3.0
88.1,72.2,70.2,76.5,70.4,64.8,2.0
99.1,86.1,88.7,88.3,86.5,87.4,4.0
99.5,88.4,89.5,96.0,94.3,92.8,5.0
100.0,93.3,91.3,95.4,92.8,96.7,5.0
99.4,100.0,98.5,100.0,91.0,97.4,4.5
91.9,73.2,74.4,84.9,75.8,61.9,2.5
97.8,86.1,88.7,88.7,79.7,86.2,3.5
98.3,95.2,91.2,92.7,87.3,94.6,4.5
100.0,91.4,86.4,94.2,82.1,97.8,4.5
94.2,86.6,85.6,93.6,83.2,86.3,4.0
100.0,88.2,98.8,86.2,80.7,89.3,4.0
98.6,94.0,92.3,98.4,91.6,97.8,4.5
97.5,72.9,74.8,72.0,65.3,71.6,2.0
99.7,84.4,87.2,91.5,83.4,88.6,3.5
95.1,67.5,69.7,77.1,64.9,65.6,2.0
99.9,85.6,87.0,91.0,88.3,83.7,4.0
99.9,88.6,89.0,91.7,90.9,89.4,4.5
98.4,85.5,85.8,94.5,82.5,87.7,3.5
100.0,100.0,100.0,100.0,100.0,100.0,5.0
100.0,74.5,83.4,79.7,72.1,67.4,3.0
98.0,84.4,100.0,89.3,84.0,87.3,4.0
100.0,81.1,93.8,84.3,80.5,87.3,3.5
96.4,94.6,95.1,99.6,90.0,94.3,4.5
98.6,76.4,90.4,82.0,75.5,89.9,3.5
96.5,84.3,78.9,85.4,85.0,80.2,3.0
100.0,87.4,86.9,93.2,94.1,88.4,4.5
98.9,90.8,90.6,96.5,86.7,89.5,4.5
99.1,76.0,76.5,86.8,72.3,76.0,3.0
97.6,94.7,95.0,97.7,79.5,88.7,4.5
99.5,73.6,76.4,79.1,73.7,71.1,2.5
99.6,100.0,100.0,100.0,100.0,100.0,5.0
96.7,84.9,86.8,89.5,93.5,84.2,3.5
100.0,99.1,99.1,100.0,100.0,89.6,5.0
100.0,87.0,83.4,92.5,88.4,84.8,4.0
85.7,85.5,75.2,89.2,90.1,89.0,3.0
94.6,100.0,100.0,100.0,90.5,100.0,4.5
96.0,75.3,74.0,78.1,68.1,72.0,2.0
97.2,78.2,83.4,85.2,79.3,79.6,3.0
100.0,93.1,98.8,97.0,89.2,93.1,4.5
92.4,89.5,100.0,88.2,90.0,70.0,3.5
99.6,94.0,94.9,100.0,88.7,99.5,5.0
100.0,88.6,88.7,93.5,93.0,80.8,4.5
92.2,72.7,78.3,87.5,76.4,79.8,2.5
99.1,87.3,85.7,91.1,90.1,86.2,4.0
100.0,88.7,88.1,90.6,94.5,85.3,4.5
100.0,93.1,94.3,99.5,98.5,100.0,5.0
99.4,94.1,92.2,93.0,90.9,90.3,4.5
95.9,83.9,87.7,91.0,85.7,88.1,3.5
100.0,85.3,75.0,91.0,84.1,82.84819,3.5
99.6,86.3,80.1,86.5,95.6,88.7,3.5
99.5,82.1,79.3,84.4,83.0,85.1,3.0
98.7,88.3,100.0,88.4,97.6,95.5,4.5
99.4,91.9,86.8,100.0,86.0,93.7,4.0
98.8,86.6,89.4,91.7,82.5,77.9,3.5
99.5,100.0,98.1,99.4,93.7,99.7,5.0
100.0,91.4,86.8,100.0,92.6,98.1,4.5
89.7,94.1,79.8,86.2,72.0,84.9,3.0
99.7,72.2,76.1,88.1,75.4,74.4,2.5
95.7,100.0,70.6,92.1,92.0,89.5,4.0
100.0,71.9,78.3,82.6,73.7,82.6,3.5
99.4,100.0,98.2,99.9,96.0,97.4,5.0
100.0,88.7,89.0,94.1,82.8,91.3,4.0
99.4,89.0,89.2,88.8,84.6,85.0,4.0
86.6,75.8,81.9,82.2,79.2,78.6,2.5
98.7,86.4,92.1,94.3,90.3,87.0,4.0
99.9,95.2,94.5,94.9,86.3,96.6,5.0
98.8,83.6,71.6,90.2,89.5,86.8,3.5
97.4,88.8,88.7,89.4,87.6,83.7,4.0
97.1,97.1,100.0,100.0,97.0,82.84819,5.0
100.0,78.8,77.4,84.6,79.3,80.5,3.5
96.8,84.5,87.2,94.6,85.4,88.9,3.5
96.1,96.7,85.6,100.0,89.0,87.2,4.0
100.0,79.5,89.7,90.2,93.7,76.2,4.0
93.5,79.4,77.9,82.2,87.9,69.4,2.5
99.1,88.6,85.2,91.3,93.8,86.4,4.0
99.4,100.0,93.0,93.1,87.1,84.8,4.0
96.8,82.7,79.1,83.8,71.0,78.3,3.0
91.7,87.9,93.9,100.0,97.9,100.0,4.5
100.0,87.7,96.5,92.0,91.8,89.7,4.5
99.9,86.4,88.4,90.7,85.4,84.9,4.0
96.4,75.6,85.5,83.6,83.2,72.2,3.0
99.3,83.5,84.5,88.0,80.0,82.6,3.0
98.5,74.6,75.6,83.1,78.5,75.7,3.0
96.4,72.9,74.8,77.6,71.8,73.4,2.5
100.0,88.9,89.6,87.4,93.6,84.9,4.0
98.7,81.7,84.0,87.6,74.4,74.5,3.0
99.6,89.8,92.4,94.9,86.9,94.2,4.5
97.9,85.4,87.4,92.3,87.5,81.7,3.5
100.0,86.4,89.3,93.1,82.8,90.2,4.0
100.0,94.9,91.8,95.4,90.6,100.0,4.5
96.9,82.1,88.8,86.5,82.0,82.1,3.5
97.1,70.6,73.2,76.6,66.8,65.5,2.0
99.5,86.3,88.0,89.7,95.6,100.0,4.0
100.0,87.5,88.2,92.5,87.0,87.0,4.0
100.0,96.3,93.7,96.6,93.5,98.7,5.0
100.0,78.5,84.4,84.3,86.4,70.7,3.5
99.5,82.4,83.5,84.7,76.6,74.3,2.5
98.9,84.5,84.2,89.0,76.7,92.3,3.5
99.4,74.4,85.9,94.1,81.8,84.0,3.5
93.8,84.0,64.5,84.7,70.0,66.2,2.5
100.0,89.0,89.4,94.8,90.1,100.0,5.0
100.0,78.5,82.4,74.4,73.8,59.8,3.0
99.6,84.8,95.4,94.7,90.2,82.5,4.5
99.5,82.3,79.8,90.0,81.7,84.7,3.5
98.4,99.3,88.6,97.8,94.1,93.0,5.0
94.2,80.5,85.4,83.7,85.0,78.2,3.0
87.6,83.7,84.9,77.7,75.0,84.6,3.0
94.3,76.6,87.0,77.0,82.8,74.6,2.5
99.6,83.8,86.3,82.7,91.8,79.6,3.5
99.3,75.3,82.6,81.2,80.6,82.8,2.5
99.6,82.1,81.6,82.1,90.3,76.1,3.5
99.6,89.6,88.8,88.3,87.5,87.2,4.0
99.9,99.0,97.8,97.1,95.5,100.0,5.0
94.8,87.5,84.7,88.5,88.7,82.1,3.5
99.9,95.1,93.2,90.4,98.6,89.7,5.0
97.9,88.2,89.7,86.9,86.2,82.8,3.5
98.5,82.8,80.4,83.2,85.4,81.0,3.0
91.4,79.8,82.8,82.3,86.0,74.9,3.0
100.0,85.1,86.8,81.6,93.3,77.5,4.0
98.0,88.5,94.6,87.2,95.6,82.9,4.0
98.8,82.0,86.2,80.8,82.8,77.7,3.5
91.4,82.7,82.1,84.1,81.2,76.1,2.5
100.0,90.1,97.4,90.7,92.2,86.1,4.5
97.1,84.1,86.3,89.4,87.0,85.2,3.5
99.2,78.6,79.3,79.4,84.0,73.3,3.0
99.8,81.7,81.9,86.4,84.8,77.4,3.0
92.7,80.3,86.7,84.0,74.8,87.2,3.0
99.9,93.2,92.1,89.9,99.5,92.9,4.5
100.0,83.2,86.4,80.2,85.6,77.7,3.5
96.6,84.5,91.6,86.5,95.9,72.9,4.0
99.9,89.8,88.3,94.9,85.2,87.3,4.0
99.4,88.9,90.0,88.0,88.8,85.9,4.0
94.9,91.7,85.8,86.7,82.3,79.8,3.5
98.3,92.7,89.6,88.3,89.1,89.5,4.0
98.2,79.0,79.8,70.3,90.4,73.4,3.0
99.9,84.8,90.4,79.7,87.5,78.0,3.5
99.3,81.6,80.8,80.9,87.9,75.5,3.0
98.4,91.7,87.8,88.8,85.9,86.2,4.0
96.5,81.5,81.8,80.8,81.4,73.2,3.0
98.5,79.1,79.6,86.5,85.4,83.0,3.0
94.6,82.2,83.7,88.3,86.8,78.8,3.0
100.0,77.1,81.5,83.1,91.9,83.8,3.5
97.7,84.7,85.8,89.2,75.7,84.3,3.0
92.5,90.3,93.9,93.5,89.0,87.2,4.0
93.2,76.7,88.2,80.4,80.3,67.9,2.5
99.8,87.3,88.7,88.9,90.9,85.4,4.0
99.5,81.9,83.4,79.0,88.3,73.0,3.0
98.6,80.8,88.9,85.4,92.5,79.1,3.5
98.4,98.5,96.6,100.0,88.1,92.2,4.5
99.7,90.9,91.0,89.9,75.3,97.1,4.0
99.5,88.4,88.6,85.5,90.4,87.6,4.0
95.5,80.1,86.1,81.0,81.9,69.8,2.5
97.5,90.0,90.1,91.4,90.1,85.5,3.5
88.0,80.2,80.2,82.0,83.4,75.7,2.5
95.4,81.8,84.3,86.7,88.2,81.0,3.0
100.0,77.7,81.8,88.0,94.9,93.6,4.0
99.5,72.9,80.4,79.1,83.7,70.3,3.0
90.3,76.6,85.1,84.3,79.2,69.6,2.5
93.4,72.8,82.9,76.5,82.4,59.5,2.5
93.9,80.9,83.9,86.9,84.4,81.6,3.0
99.7,93.6,100.0,100.0,98.5,100.0,5.0
98.4,82.0,87.0,71.3,69.8,84.1,3.0
99.7,84.1,84.9,81.8,80.1,78.1,3.0
91.8,74.2,83.9,79.8,87.3,67.7,3.0
99.0,75.9,78.9,81.6,88.5,77.2,3.0
98.5,89.5,88.8,84.9,100.0,87.0,4.0
100.0,100.0,94.5,100.0,87.5,100.0,4.5
99.7,91.6,93.4,87.2,100.0,91.7,4.5
100.0,80.6,91.4,80.2,99.6,95.0,4.0
93.2,71.5,80.1,75.3,73.9,74.3,2.5
96.1,86.9,74.8,90.2,94.4,86.5,3.5
93.6,78.3,83.0,85.5,80.9,83.9,3.0
100.0,86.3,84.7,88.0,92.1,77.7,4.0
99.8,80.8,81.6,87.8,95.9,76.8,3.5
100.0,93.2,91.7,88.9,87.3,86.6,4.5
98.2,91.0,88.1,86.6,83.7,89.7,4.0
99.2,88.9,86.8,93.3,87.7,86.4,4.0
99.6,81.6,85.0,85.9,85.8,81.3,3.5
97.7,89.5,85.5,86.4,78.8,68.0,3.0
98.0,66.4,73.3,75.0,80.1,66.3,2.0
100.0,75.9,96.0,86.6,100.0,73.7,4.0
84.1,80.3,85.4,81.1,83.7,73.8,3.0
100.0,71.8,93.0,79.3,80.6,76.1,3.5
100.0,100.0,100.0,100.0,100.0,100.0,5.0
99.3,84.8,92.0,90.2,83.3,82.2,3.5
99.8,76.3,77.9,75.5,76.6,74.9,3.0
96.7,69.6,69.8,68.1,67.5,61.5,2.0
92.9,76.8,79.6,81.5,82.9,71.9,2.5
98.9,93.7,95.2,91.1,90.9,91.2,4.5
86.0,65.8,75.3,68.6,70.1,64.1,2.0
99.4,91.7,95.2,93.8,92.5,88.5,4.5
98.2,87.5,93.1,91.3,85.2,89.7,4.0
98.7,89.1,88.7,94.9,95.6,91.4,4.5
100.0,92.8,96.5,96.0,93.6,86.9,5.0
96.0,83.4,84.7,87.8,87.9,90.7,3.5
92.8,76.6,89.3,79.1,89.6,70.6,3.0
100.0,79.0,84.7,82.7,84.1,86.4,4.0
99.7,90.4,91.0,94.9,93.2,100.0,5.0
97.7,74.2,81.2,79.8,79.6,64.7,2.5
93.1,75.3,79.0,80.6,80.4,77.2,2.5
100.0,84.3,85.6,85.4,94.6,85.0,4.0
100.0,89.3,90.9,97.3,96.5,88.3,4.5
90.1,80.2,91.5,85.0,82.3,81.7,3.0
87.9,81.9,95.6,90.5,87.7,85.4,4.0
94.8,91.9,84.9,86.6,84.3,76.0,3.0
89.1,78.7,81.3,82.1,78.9,81.7,2.5
99.8,88.4,87.0,88.2,82.4,91.1,4.0
98.2,78.6,79.5,77.6,72.0,78.9,2.5
98.2,84.2,83.4,82.8,80.7,70.5,3.5
98.3,89.6,91.8,92.1,90.0,88.0,4.0
97.1,76.1,77.4,79.5,81.6,71.5,2.5
99.1,81.4,87.9,91.6,88.5,84.6,4.0
96.8,71.0,69.5,71.3,83.0,60.1,2.0
95.4,75.1,82.2,75.0,76.0,71.4,2.5
99.1,78.8,75.9,84.0,75.7,76.1,3.0
100.0,87.4,89.3,90.2,85.2,92.8,4.0
97.9,75.5,80.8,76.9,83.9,71.2,2.5
99.6,76.9,84.6,78.1,84.1,74.9,3.5
99.2,79.8,82.9,86.8,79.1,85.1,3.5
98.7,86.5,87.0,88.3,82.0,82.3,3.5
99.3,75.1,77.3,84.2,91.2,80.8,3.0
99.7,80.3,82.4,83.8,84.0,76.8,3.5
95.7,75.8,78.2,75.1,73.3,69.2,2.0
99.8,89.6,90.3,88.7,86.7,86.3,4.0
99.4,80.3,84.2,79.2,84.8,73.7,3.0
99.6,88.6,85.8,86.8,85.4,84.4,4.0
90.9,84.1,79.0,74.8,65.6,66.6,2.0
96.8,90.8,90.8,93.0,93.7,84.2,4.5
99.5,76.4,85.6,80.9,92.7,79.2,3.5
98.7,90.2,89.4,91.7,86.9,96.4,4.0
92.6,68.6,75.8,67.7,77.7,71.7,2.0
100.0,82.7,85.5,87.6,83.3,88.5,4.0
98.4,95.9,93.3,91.7,90.8,91.6,4.5
92.8,83.7,83.8,81.4,76.9,73.4,2.5
99.6,83.1,85.8,86.6,82.9,85.3,3.5
98.7,85.4,84.7,89.2,83.6,83.7,3.5
99.1,91.6,92.8,94.6,90.1,87.2,4.5
99.7,84.8,84.0,83.7,89.5,79.5,3.5
99.1,89.5,92.3,93.5,89.1,89.2,4.5
94.0,95.4,91.7,97.7,88.6,94.8,4.0
100.0,88.4,87.4,89.5,87.4,82.8,4.0
99.4,96.8,96.4,95.5,90.6,94.8,5.0
99.7,92.7,90.8,91.5,89.9,89.2,4.5
96.5,88.4,86.1,87.1,87.1,79.0,3.5
99.1,84.8,85.7,86.1,87.5,79.1,3.0
98.9,93.1,92.9,90.0,87.8,88.7,4.0
98.4,98.3,88.3,86.9,85.8,80.5,3.5
96.3,93.0,90.2,93.6,92.2,90.9,4.0
99.8,90.2,95.2,89.9,90.4,87.9,4.0
100.0,90.1,89.9,88.8,91.5,89.5,4.5
97.6,97.7,96.9,95.0,90.1,95.6,4.5
98.2,92.0,93.6,97.0,94.5,93.0,4.5
99.7,87.8,90.0,89.0,92.5,86.8,4.0
99.8,91.5,91.3,89.9,86.0,88.6,4.0
100.0,85.5,86.0,84.4,86.0,85.1,3.5
99.9,93.5,89.0,95.1,90.4,87.9,4.5
99.0,100.0,82.6,90.4,89.8,85.7,4.0
87.0,91.7,92.9,95.0,99.2,89.4,4.5
100.0,92.8,95.3,96.6,95.3,93.4,5.0
89.9,71.9,83.2,78.4,73.1,60.2,2.5
98.9,82.4,78.5,80.9,77.3,79.2,3.0
88.6,87.6,88.7,86.9,85.9,73.6,3.5
96.2,82.8,80.4,87.2,77.1,77.7,3.0
95.1,69.1,70.5,74.0,75.5,71.2,2.5
95.2,67.6,74.1,69.8,65.8,70.9,2.0
100.0,85.7,86.5,92.1,84.9,81.8,4.0
